-- phpMyAdmin SQL Dump
-- version 4.7.9
-- https://www.phpmyadmin.net/
--
-- Host: 127.0.0.1
-- Generation Time: Apr 29, 2018 at 08:37 AM
-- Server version: 10.1.31-MariaDB
-- PHP Version: 7.2.3

SET SQL_MODE = "NO_AUTO_VALUE_ON_ZERO";
SET AUTOCOMMIT = 0;
START TRANSACTION;
SET time_zone = "+00:00";


/*!40101 SET @OLD_CHARACTER_SET_CLIENT=@@CHARACTER_SET_CLIENT */;
/*!40101 SET @OLD_CHARACTER_SET_RESULTS=@@CHARACTER_SET_RESULTS */;
/*!40101 SET @OLD_COLLATION_CONNECTION=@@COLLATION_CONNECTION */;
/*!40101 SET NAMES utf8mb4 */;

--
-- Database: `restapi`
--

-- --------------------------------------------------------

--
-- Table structure for table `migrations`
--

CREATE TABLE `migrations` (
  `id` int(10) UNSIGNED NOT NULL,
  `migration` varchar(255) COLLATE utf8mb4_unicode_ci NOT NULL,
  `batch` int(11) NOT NULL
) ENGINE=InnoDB DEFAULT CHARSET=utf8mb4 COLLATE=utf8mb4_unicode_ci;

--
-- Dumping data for table `migrations`
--

INSERT INTO `migrations` (`id`, `migration`, `batch`) VALUES
(1, '2014_10_12_000000_create_users_table', 1),
(2, '2014_10_12_100000_create_password_resets_table', 1),
(3, '2018_04_27_061455_create_products_table', 1),
(4, '2018_04_27_061602_create_reviews_table', 1);

-- --------------------------------------------------------

--
-- Table structure for table `password_resets`
--

CREATE TABLE `password_resets` (
  `email` varchar(191) COLLATE utf8mb4_unicode_ci NOT NULL,
  `token` varchar(191) COLLATE utf8mb4_unicode_ci NOT NULL,
  `created_at` timestamp NULL DEFAULT NULL
) ENGINE=InnoDB DEFAULT CHARSET=utf8mb4 COLLATE=utf8mb4_unicode_ci;

-- --------------------------------------------------------

--
-- Table structure for table `products`
--

CREATE TABLE `products` (
  `id` int(10) UNSIGNED NOT NULL,
  `name` varchar(191) COLLATE utf8mb4_unicode_ci NOT NULL,
  `detail` text COLLATE utf8mb4_unicode_ci NOT NULL,
  `price` int(11) NOT NULL,
  `stock` int(11) NOT NULL,
  `discount` int(11) NOT NULL,
  `created_at` timestamp NULL DEFAULT NULL,
  `updated_at` timestamp NULL DEFAULT NULL
) ENGINE=InnoDB DEFAULT CHARSET=utf8mb4 COLLATE=utf8mb4_unicode_ci;

--
-- Dumping data for table `products`
--

INSERT INTO `products` (`id`, `name`, `detail`, `price`, `stock`, `discount`, `created_at`, `updated_at`) VALUES
(1, 'dolor', 'Quis eos quia nihil fugit dolores et rem. Expedita magni voluptatem omnis sit nisi. Necessitatibus aut consequuntur quo sed.', 9098, 3, 40, '2018-04-29 00:47:41', '2018-04-29 00:47:41'),
(2, 'quis', 'Voluptatem sed porro sed ducimus eos deleniti. Sunt est error facere nesciunt perspiciatis autem odio perspiciatis. Similique natus facilis aut dolorum. Doloremque similique illum id aperiam alias et sunt.', 5271, 9, 72, '2018-04-29 00:47:41', '2018-04-29 00:47:41'),
(3, 'voluptatem', 'Autem eligendi sint ut nihil voluptas. Vel quia quos dolor inventore repudiandae. Quidem nostrum dolores maiores est hic inventore. Aut nobis aliquid magni fuga. Molestias maiores ipsam odio ut id.', 8180, 4, 71, '2018-04-29 00:47:41', '2018-04-29 00:47:41'),
(4, 'nesciunt', 'Assumenda eos ea a cum distinctio voluptates. Doloribus iure laudantium ut. Nihil non error quod accusamus provident veniam perspiciatis.', 5438, 5, 35, '2018-04-29 00:47:41', '2018-04-29 00:47:41'),
(5, 'ipsa', 'Neque optio in sint rerum delectus voluptatem minus. Totam atque ipsam enim hic qui facilis. Quaerat fugiat aut voluptatibus eaque dolorem.', 9279, 1, 16, '2018-04-29 00:47:42', '2018-04-29 00:47:42'),
(6, 'soluta', 'Accusamus sequi odit praesentium aliquid alias. Omnis voluptatem ut laborum et libero delectus. Eligendi qui aut aut ducimus.', 3978, 3, 44, '2018-04-29 00:47:42', '2018-04-29 00:47:42'),
(7, 'eligendi', 'Repellendus error deleniti ex accusantium. Ut laborum sint quidem consequatur est. Est aut quisquam distinctio autem est illum. Alias possimus illo voluptas ut velit sunt eligendi.', 5655, 7, 74, '2018-04-29 00:47:42', '2018-04-29 00:47:42'),
(8, 'et', 'Voluptas adipisci quidem incidunt doloremque. Aperiam autem id voluptatem nobis doloribus. Occaecati eligendi aut voluptatem at.', 951, 4, 62, '2018-04-29 00:47:42', '2018-04-29 00:47:42'),
(9, 'consectetur', 'Reiciendis quibusdam blanditiis qui repellat molestiae officia. Eligendi ipsum laborum velit. Impedit nostrum architecto omnis debitis. Veniam sit delectus et praesentium.', 5615, 2, 30, '2018-04-29 00:47:42', '2018-04-29 00:47:42'),
(10, 'dolor', 'Nulla ut laudantium maxime distinctio. Quas autem qui error consectetur laudantium. Molestiae occaecati mollitia sapiente repudiandae et similique harum. Consequatur libero excepturi sunt possimus aut eum laboriosam et.', 4858, 1, 27, '2018-04-29 00:47:42', '2018-04-29 00:47:42'),
(11, 'laborum', 'Id quis qui cum magni vel et sed. Eaque repudiandae odit provident possimus consequatur. Molestias officiis cupiditate et cumque. Rerum saepe maiores accusantium. Illo qui voluptatum asperiores consequuntur fugiat.', 6219, 3, 85, '2018-04-29 00:47:42', '2018-04-29 00:47:42'),
(12, 'corrupti', 'Quia numquam enim sit labore tempora dolorem. Qui tempora incidunt ex laudantium beatae molestiae enim vel.', 397, 4, 32, '2018-04-29 00:47:42', '2018-04-29 00:47:42'),
(13, 'aliquid', 'Iusto ut sit dolor alias minima repudiandae. Delectus eaque et qui sequi eius mollitia ut quia. Repudiandae saepe sit quos.', 5267, 1, 87, '2018-04-29 00:47:42', '2018-04-29 00:47:42'),
(14, 'repellendus', 'Qui molestiae in quo est quidem inventore. Ducimus id sint et occaecati consequuntur inventore veniam. Sunt sapiente cumque minima et ipsam. Tempore aliquid aut beatae esse omnis accusantium. Qui placeat distinctio omnis sed.', 7409, 3, 44, '2018-04-29 00:47:42', '2018-04-29 00:47:42'),
(15, 'soluta', 'Odit voluptatibus blanditiis commodi. Perferendis aut dolore et et. Ratione rem sunt dicta iste et sit qui.', 543, 9, 64, '2018-04-29 00:47:42', '2018-04-29 00:47:42'),
(16, 'hic', 'Quo voluptatem quaerat error. Fugiat doloribus dolorem laudantium explicabo. Et impedit eos minima minima aut quia. Atque consectetur voluptates veniam impedit ut.', 6386, 6, 29, '2018-04-29 00:47:42', '2018-04-29 00:47:42'),
(17, 'sit', 'Amet quia quis ipsum enim vero. Iste quas omnis iusto dolor ducimus.', 301, 7, 59, '2018-04-29 00:47:42', '2018-04-29 00:47:42'),
(18, 'aut', 'Sequi maxime voluptatem et ullam facere eos. Officiis et aut odio dolore perferendis porro quia. At occaecati eveniet animi fugit nihil consequatur. Ipsam consequatur sunt voluptas tenetur ut at.', 9183, 7, 38, '2018-04-29 00:47:42', '2018-04-29 00:47:42'),
(19, 'tempore', 'Molestiae aliquam ullam debitis eius placeat. Neque necessitatibus aut sit sed consectetur. Aliquid laudantium modi perspiciatis nihil. Consectetur et et voluptates repudiandae quo non.', 8254, 0, 47, '2018-04-29 00:47:42', '2018-04-29 00:47:42'),
(20, 'et', 'Magnam sed numquam et ducimus maiores sunt. Totam aut aut rerum ratione asperiores incidunt. Eligendi necessitatibus nihil quo asperiores. Id sint nobis voluptas fuga sed.', 8502, 7, 29, '2018-04-29 00:47:42', '2018-04-29 00:47:42'),
(21, 'molestiae', 'Sed et quas sint ducimus et labore facilis. Laborum nesciunt earum sapiente. Laboriosam sunt doloribus neque esse a rerum sit.', 982, 6, 58, '2018-04-29 00:47:42', '2018-04-29 00:47:42'),
(22, 'qui', 'Omnis quasi animi et libero aliquid veniam. Dolorem eos tempora pariatur. Autem quia et soluta non.', 9912, 4, 48, '2018-04-29 00:47:42', '2018-04-29 00:47:42'),
(23, 'tenetur', 'Deserunt velit molestiae enim. Consequatur est ducimus deserunt placeat enim sit necessitatibus. Et praesentium quia in omnis corrupti. Pariatur dolor totam optio et quaerat ad. Commodi tenetur pariatur et excepturi aspernatur.', 3591, 8, 38, '2018-04-29 00:47:42', '2018-04-29 00:47:42'),
(24, 'aspernatur', 'Perferendis temporibus numquam nemo iste vitae pariatur quia. Est nihil adipisci at doloribus quam. Aut tenetur sed qui autem atque numquam eos. Et officia vero fugiat repudiandae et omnis.', 7736, 0, 84, '2018-04-29 00:47:42', '2018-04-29 00:47:42'),
(25, 'veniam', 'Eveniet non voluptatem rerum et vitae tempore. Itaque accusamus iure eos excepturi qui sunt nihil. Laboriosam quam tempore commodi quod illo consequatur. Possimus non voluptatem architecto itaque itaque vel voluptas in. Sunt soluta sed voluptas qui consectetur soluta non.', 3760, 3, 9, '2018-04-29 00:47:42', '2018-04-29 00:47:42'),
(26, 'quia', 'Nisi deleniti dicta beatae natus. Tenetur illum laudantium at esse unde. Hic dolor ducimus dignissimos voluptas mollitia non.', 7471, 6, 18, '2018-04-29 00:47:42', '2018-04-29 00:47:42'),
(27, 'quia', 'Delectus esse consequuntur iste rem nam voluptatum inventore. Qui voluptatem voluptatibus harum blanditiis. Optio nihil rerum rerum cum sed consequuntur quia odit.', 8236, 5, 81, '2018-04-29 00:47:42', '2018-04-29 00:47:42'),
(28, 'suscipit', 'Dicta reiciendis possimus autem tenetur quod eius. Tempore vel fugiat provident animi quos alias adipisci. A cum quae quo aliquid et sed voluptatem. Enim dignissimos soluta omnis aut doloribus distinctio velit.', 5594, 1, 87, '2018-04-29 00:47:42', '2018-04-29 00:47:42'),
(29, 'iusto', 'Iure voluptatem deleniti repellendus error quibusdam quasi consequatur nobis. Omnis voluptas impedit aut quod vel. Est voluptatem cupiditate natus laudantium nobis.', 6010, 3, 71, '2018-04-29 00:47:42', '2018-04-29 00:47:42'),
(30, 'doloribus', 'Cum aliquam rem et occaecati aliquam reiciendis. Et voluptas et recusandae porro autem perspiciatis. Rerum dolore amet incidunt error dignissimos.', 6117, 8, 50, '2018-04-29 00:47:42', '2018-04-29 00:47:42'),
(31, 'minus', 'Voluptates impedit autem magnam nesciunt qui. Consequatur pariatur fuga et ut corrupti. Aut voluptatem natus corrupti maxime perspiciatis.', 5362, 1, 2, '2018-04-29 00:47:42', '2018-04-29 00:47:42'),
(32, 'autem', 'Aperiam illo voluptas sed numquam odio inventore. Perferendis perspiciatis nobis distinctio sunt ut reprehenderit ut alias.', 6641, 8, 16, '2018-04-29 00:47:42', '2018-04-29 00:47:42'),
(33, 'reiciendis', 'Placeat accusamus eos mollitia qui. Voluptas autem sunt aspernatur et et reiciendis minus. Labore voluptas optio voluptates fugiat aut.', 3972, 4, 36, '2018-04-29 00:47:43', '2018-04-29 00:47:43'),
(34, 'quis', 'Voluptatibus modi voluptatem qui. Qui sapiente recusandae est dolor distinctio quas. Asperiores enim molestiae esse vel sit.', 2979, 2, 89, '2018-04-29 00:47:43', '2018-04-29 00:47:43'),
(35, 'repellendus', 'Quam est modi quia. Est dolores magni rerum harum enim et sit. Possimus unde praesentium voluptatem molestias numquam pariatur. Enim facilis non et sunt reprehenderit eveniet.', 7617, 9, 40, '2018-04-29 00:47:43', '2018-04-29 00:47:43'),
(36, 'tempore', 'Autem et ipsam sed nostrum. Dolorem impedit quam voluptas possimus. Id voluptatem iste et officiis et magnam error et. Vel sit mollitia et enim placeat voluptas officiis quia.', 9896, 1, 39, '2018-04-29 00:47:43', '2018-04-29 00:47:43'),
(37, 'quos', 'Ea quia sit soluta praesentium soluta. Voluptatem aut cupiditate autem. Vel aut vitae ut libero impedit. Nostrum praesentium numquam dolore ex autem.', 7611, 6, 87, '2018-04-29 00:47:43', '2018-04-29 00:47:43'),
(38, 'ipsa', 'Beatae modi consequatur eum quibusdam. Inventore consectetur voluptatum aut qui dolorem est. Libero dolorem aut rerum facilis ut commodi.', 5478, 9, 59, '2018-04-29 00:47:43', '2018-04-29 00:47:43'),
(39, 'natus', 'Sequi hic optio maxime quia. Dolores nihil ut aut optio. Maiores eos dolores dolorem excepturi et ea voluptas. Ut adipisci nisi id facilis sed id qui ratione.', 9225, 5, 28, '2018-04-29 00:47:43', '2018-04-29 00:47:43'),
(40, 'natus', 'Amet assumenda saepe eos. Asperiores enim et repellat. Deleniti aut aliquam voluptas perferendis. Officia illum omnis adipisci ab pariatur blanditiis vitae.', 5126, 6, 19, '2018-04-29 00:47:43', '2018-04-29 00:47:43'),
(41, 'impedit', 'Voluptas fugiat dolorem quos autem. Id omnis voluptas eos voluptate. Impedit rerum cupiditate quae.', 5073, 0, 60, '2018-04-29 00:47:43', '2018-04-29 00:47:43'),
(42, 'voluptates', 'Eos corrupti nulla est qui et qui sint. Quis soluta exercitationem iure ut ab odio. Assumenda optio ut non dolores possimus et optio. Voluptate tenetur expedita et id iste culpa et.', 3779, 4, 32, '2018-04-29 00:47:43', '2018-04-29 00:47:43'),
(43, 'dolores', 'Laudantium similique nisi magni reprehenderit laborum. Rem quia quis numquam illum ut blanditiis. Eum maiores impedit est quasi et sed consectetur.', 6028, 4, 35, '2018-04-29 00:47:43', '2018-04-29 00:47:43'),
(44, 'veritatis', 'Illum labore dolores ut. Tempore veniam et culpa itaque. Ut ipsa eaque et aut. Optio aut omnis et quis fuga debitis.', 1946, 4, 3, '2018-04-29 00:47:43', '2018-04-29 00:47:43'),
(45, 'hic', 'Quisquam qui et sint eos minima. Officiis officiis quos veniam consequatur. Temporibus magnam voluptatem omnis fugit nihil nostrum.', 6914, 1, 76, '2018-04-29 00:47:43', '2018-04-29 00:47:43'),
(46, 'in', 'Corrupti autem sed cupiditate odio quis cumque ut. Asperiores harum amet voluptas modi.', 57, 0, 74, '2018-04-29 00:47:43', '2018-04-29 00:47:43'),
(47, 'nisi', 'Totam temporibus laudantium qui voluptatum esse quo aut. Expedita consequatur facere autem suscipit voluptate. Est libero aut itaque aut est.', 1346, 2, 8, '2018-04-29 00:47:43', '2018-04-29 00:47:43'),
(48, 'et', 'Quo quae officia nisi expedita sunt impedit maxime quis. Illo atque nisi odit illum est praesentium. Aut quia voluptate asperiores et occaecati est necessitatibus illum. Voluptatibus quia assumenda sed nesciunt dolores cupiditate velit.', 6535, 0, 85, '2018-04-29 00:47:43', '2018-04-29 00:47:43'),
(49, 'et', 'Vero beatae nobis debitis pariatur autem. Inventore rerum saepe nam esse fugit quam nesciunt facere. Non dolor totam quis optio accusantium. Labore optio et voluptatem alias repudiandae.', 2667, 1, 33, '2018-04-29 00:47:43', '2018-04-29 00:47:43'),
(50, 'voluptatum', 'Dolor assumenda quia vero possimus. Dignissimos dolores vero accusamus eius nostrum. Dolores est soluta hic voluptatem accusantium ducimus.', 8426, 1, 17, '2018-04-29 00:47:43', '2018-04-29 00:47:43');

-- --------------------------------------------------------

--
-- Table structure for table `reviews`
--

CREATE TABLE `reviews` (
  `id` int(10) UNSIGNED NOT NULL,
  `product_id` int(10) UNSIGNED NOT NULL,
  `customer` varchar(191) COLLATE utf8mb4_unicode_ci NOT NULL,
  `review` text COLLATE utf8mb4_unicode_ci NOT NULL,
  `star` int(11) NOT NULL,
  `created_at` timestamp NULL DEFAULT NULL,
  `updated_at` timestamp NULL DEFAULT NULL
) ENGINE=InnoDB DEFAULT CHARSET=utf8mb4 COLLATE=utf8mb4_unicode_ci;

--
-- Dumping data for table `reviews`
--

INSERT INTO `reviews` (`id`, `product_id`, `customer`, `review`, `star`, `created_at`, `updated_at`) VALUES
(1, 32, 'Mr. Irving Block MD', 'Consequuntur molestiae ut vel architecto cum consequatur asperiores est. Tempore nihil illum voluptas animi. Tempora qui quis odit qui.', 4, '2018-04-29 00:47:44', '2018-04-29 00:47:44'),
(2, 22, 'Jailyn Nader', 'Rerum est et voluptatem molestias. Blanditiis repellendus et cumque. Beatae harum quae aut consequatur sit similique itaque. Qui asperiores occaecati velit amet.', 3, '2018-04-29 00:47:44', '2018-04-29 00:47:44'),
(3, 18, 'Myrtie Lockman', 'Numquam natus ut dolorum laborum eligendi sit nam. Ipsa rerum dignissimos recusandae sunt sit reprehenderit. In impedit ratione deleniti doloremque deleniti. Autem quis quo eaque et omnis quos atque.', 5, '2018-04-29 00:47:44', '2018-04-29 00:47:44'),
(4, 41, 'Mrs. Mabelle Mitchell DVM', 'Rerum sit consequatur corrupti accusantium. Eaque est rem praesentium eligendi. Dolor officiis rerum alias dolor non natus.', 1, '2018-04-29 00:47:44', '2018-04-29 00:47:44'),
(5, 30, 'Drake Bauch', 'Aut neque quos sit dolores voluptatibus. Sit et ipsum eligendi dicta ullam in maiores. Inventore non saepe et corporis est.', 4, '2018-04-29 00:47:44', '2018-04-29 00:47:44'),
(6, 5, 'Dr. Felipa Luettgen', 'Accusamus praesentium rem rerum. Laborum nam vel atque iste eos adipisci. Molestias facere quidem magnam et.', 4, '2018-04-29 00:47:44', '2018-04-29 00:47:44'),
(7, 3, 'Katelyn Koepp', 'Commodi vel enim quas aperiam est. Necessitatibus ab ipsa odio qui velit et consequuntur necessitatibus. Placeat blanditiis natus aut quia quisquam. Officiis et nisi laborum eius nemo quo. Repellat beatae totam qui id ab quae sit.', 4, '2018-04-29 00:47:44', '2018-04-29 00:47:44'),
(8, 35, 'Jermaine Johnston PhD', 'Sed vero distinctio quas delectus consequatur recusandae perspiciatis. Ullam qui sed velit sed et libero voluptatem. Enim quis vel et nihil. Repudiandae aut voluptas maxime.', 3, '2018-04-29 00:47:44', '2018-04-29 00:47:44'),
(9, 28, 'Savanah Keebler', 'Officia eius sunt blanditiis. Et tempore fuga saepe officia recusandae in dolor qui. Fugiat nihil occaecati dicta et sit.', 2, '2018-04-29 00:47:44', '2018-04-29 00:47:44'),
(10, 37, 'Merritt Williamson', 'Officiis rerum dolor voluptas placeat. Cum molestiae asperiores ipsum nobis cum adipisci quidem. Quae soluta accusamus vitae dolores deserunt aperiam. Iste at fuga et est rerum ut officiis.', 3, '2018-04-29 00:47:44', '2018-04-29 00:47:44'),
(11, 28, 'Mr. Eleazar Osinski', 'Laboriosam consequuntur ut debitis quo aliquam labore. Animi quia debitis libero. Quibusdam laborum voluptatem ea ad qui dolorem qui et. Labore adipisci sit quis sapiente architecto.', 4, '2018-04-29 00:47:44', '2018-04-29 00:47:44'),
(12, 22, 'Lavonne Kerluke', 'Quod ipsum quia asperiores architecto. Quia totam voluptatem molestiae sint molestias. Enim quae enim tempore dicta.', 3, '2018-04-29 00:47:44', '2018-04-29 00:47:44'),
(13, 44, 'Prof. Zoie Lockman', 'Aliquid autem reprehenderit iure blanditiis dolore excepturi. Sapiente ut quis sit reiciendis dicta blanditiis officiis. Ut omnis in dolor veniam ratione.', 1, '2018-04-29 00:47:44', '2018-04-29 00:47:44'),
(14, 21, 'Mr. Kyle Jast', 'Voluptatibus voluptas quos quidem enim molestiae. Sapiente facere neque minus tenetur. In voluptatem unde unde.', 2, '2018-04-29 00:47:44', '2018-04-29 00:47:44'),
(15, 5, 'Kenna Walsh', 'Praesentium saepe dolores sint et ut quam est dolorem. Repudiandae consequatur voluptatem occaecati velit. Doloremque beatae alias recusandae ut aut in inventore.', 3, '2018-04-29 00:47:44', '2018-04-29 00:47:44'),
(16, 17, 'Cletus Hyatt', 'Vel qui reprehenderit aut quas natus voluptatem deserunt. Est voluptatem doloribus ipsam illo dolorum. Tempora sint explicabo saepe ab ad consequatur ipsam. Perferendis officiis est iure et optio aut aspernatur sit.', 5, '2018-04-29 00:47:44', '2018-04-29 00:47:44'),
(17, 31, 'Graciela Funk IV', 'Voluptatum rerum non accusamus praesentium quo qui optio ut. Error temporibus molestiae vel mollitia facilis perspiciatis velit quia. Consectetur quo odit totam optio eligendi facere.', 4, '2018-04-29 00:47:44', '2018-04-29 00:47:44'),
(18, 18, 'Reggie Kertzmann', 'Numquam ea incidunt id voluptatem aspernatur. Aliquid voluptatem quidem qui et autem. Ab nulla adipisci nisi.', 0, '2018-04-29 00:47:44', '2018-04-29 00:47:44'),
(19, 25, 'Mr. Marlin Heathcote I', 'Suscipit dicta voluptas id perferendis harum molestiae non. Dolores distinctio ex laboriosam magni qui. Repellendus molestiae reprehenderit est qui. Et fuga eligendi nisi ea.', 2, '2018-04-29 00:47:44', '2018-04-29 00:47:44'),
(20, 31, 'Nathen Raynor', 'Laboriosam expedita quasi similique voluptatibus necessitatibus eveniet rem. Quis at quas pariatur voluptatem quidem quo ullam. Error maiores qui exercitationem explicabo.', 3, '2018-04-29 00:47:44', '2018-04-29 00:47:44'),
(21, 35, 'Cecilia Hoeger', 'Et voluptatem quia iusto saepe quaerat necessitatibus. Autem et dolore dolores natus. Nesciunt deserunt doloremque dicta blanditiis. Vitae similique modi optio ea voluptas.', 4, '2018-04-29 00:47:44', '2018-04-29 00:47:44'),
(22, 22, 'Mrs. Maddison Bartoletti', 'Qui accusantium eius voluptatibus nulla. Pariatur voluptates sequi totam qui eos. Praesentium veniam dolores doloribus non. Rerum fuga aut ab provident aut officia.', 2, '2018-04-29 00:47:44', '2018-04-29 00:47:44'),
(23, 21, 'Jailyn Friesen', 'Quo autem earum voluptas. Illum omnis aut maxime illo qui at. At quis qui et eum. Error sunt repellendus id incidunt quidem vel.', 2, '2018-04-29 00:47:44', '2018-04-29 00:47:44'),
(24, 8, 'Maymie Marquardt V', 'Aspernatur iure nihil et. Optio maxime voluptatibus voluptate dolore. Voluptates iusto qui voluptatem laborum provident. Ullam veniam temporibus adipisci tenetur aut non sed. Ullam magni harum perferendis impedit dolores et.', 0, '2018-04-29 00:47:44', '2018-04-29 00:47:44'),
(25, 34, 'Virgil Marquardt', 'Quas voluptatem aut eius enim mollitia quis accusantium. Et quia atque reiciendis et fugiat omnis voluptatum. Quia similique molestias quia minima.', 4, '2018-04-29 00:47:44', '2018-04-29 00:47:44'),
(26, 26, 'Norene Schumm', 'Sed temporibus dolorem alias asperiores veritatis officiis. Et culpa quo ea est ad nobis. Non est consequatur sint a quam vel eveniet.', 3, '2018-04-29 00:47:44', '2018-04-29 00:47:44'),
(27, 1, 'Mr. Floy Stiedemann IV', 'Nostrum quos a vel excepturi. Reprehenderit rerum dolore voluptatem velit maxime maxime. Sapiente aut exercitationem natus. Modi quo totam dolorem.', 5, '2018-04-29 00:47:45', '2018-04-29 00:47:45'),
(28, 8, 'Dr. Tyree Schuppe', 'Distinctio deserunt minima voluptatem illum error nihil et totam. Est dolor consectetur laborum quidem. Quaerat et et maiores fugit quia unde. Vitae autem et itaque velit consequuntur.', 0, '2018-04-29 00:47:45', '2018-04-29 00:47:45'),
(29, 29, 'Prof. Vern Quigley Sr.', 'Libero eveniet voluptatibus dolore ipsam omnis sed qui. Quia est minima ea velit ea dicta. Et nulla sed quae quia esse temporibus nesciunt incidunt. Voluptatum mollitia ut deserunt iste velit sequi ratione.', 2, '2018-04-29 00:47:45', '2018-04-29 00:47:45'),
(30, 28, 'Mr. Braxton Haag', 'Mollitia asperiores nihil dolorem dolore in. Dolorum nihil ipsa iusto vel eveniet expedita. Consequatur aut aspernatur consequatur suscipit autem a quod. Et minus reiciendis rerum.', 5, '2018-04-29 00:47:45', '2018-04-29 00:47:45'),
(31, 1, 'Hilda Koch', 'Quo est qui culpa repellat corrupti qui sapiente tempore. Reiciendis cupiditate qui rerum eos in assumenda et. Omnis nesciunt aliquid qui. Atque excepturi blanditiis voluptas veniam velit incidunt eos dolores. Repudiandae temporibus cupiditate modi tempore eos dolorum.', 3, '2018-04-29 00:47:45', '2018-04-29 00:47:45'),
(32, 23, 'Dr. Liam Metz', 'Occaecati est fugit magni iusto. Inventore temporibus veritatis quae libero.', 5, '2018-04-29 00:47:45', '2018-04-29 00:47:45'),
(33, 43, 'Agustin Jacobson', 'Pariatur aut quidem debitis temporibus adipisci aut. Voluptatem esse autem voluptatem doloribus. Enim harum est et.', 0, '2018-04-29 00:47:45', '2018-04-29 00:47:45'),
(34, 33, 'Carey Lockman PhD', 'Doloremque reprehenderit odio nostrum fugit accusamus. Vero in optio veniam temporibus sit maiores.', 3, '2018-04-29 00:47:45', '2018-04-29 00:47:45'),
(35, 3, 'Connor Wiza', 'Est rerum dolor repellat excepturi id. Alias veniam et dolorem enim dolor aperiam accusantium. Qui et quas quisquam iusto eum laboriosam dolor. Iusto ut voluptatem earum dolorem ratione consequatur repudiandae excepturi.', 0, '2018-04-29 00:47:45', '2018-04-29 00:47:45'),
(36, 1, 'Delores Veum', 'Quo nulla est voluptatem rerum dicta optio excepturi aut. Qui minima ut qui id.', 2, '2018-04-29 00:47:45', '2018-04-29 00:47:45'),
(37, 36, 'Werner Schinner II', 'Tempore occaecati quo tempora nulla. Vel nobis fugiat molestiae amet asperiores. Fugit libero reiciendis labore doloremque non occaecati.', 5, '2018-04-29 00:47:45', '2018-04-29 00:47:45'),
(38, 20, 'Prof. Dixie Larson', 'Aut sed eum voluptas. Distinctio itaque qui nobis est et quam pariatur illo. Est quas ipsa nihil vitae amet dolores.', 4, '2018-04-29 00:47:45', '2018-04-29 00:47:45'),
(39, 46, 'Miss Telly Stiedemann', 'Dolorum deserunt beatae officiis quia qui. Qui magnam impedit sapiente quaerat fuga harum in. Assumenda autem cupiditate totam dignissimos reiciendis adipisci ad.', 2, '2018-04-29 00:47:45', '2018-04-29 00:47:45'),
(40, 37, 'Prof. Else Hyatt', 'Illum dolores id vel cumque iste repellendus qui quisquam. Vitae vitae dicta eum voluptatem consequatur rerum consequuntur. Repellendus nisi quis explicabo non atque est. Tenetur quis expedita vel et aliquam. Est non iure accusamus et.', 2, '2018-04-29 00:47:45', '2018-04-29 00:47:45'),
(41, 43, 'Greg Johnston V', 'Labore a unde voluptas aut quibusdam vel. Quia minima natus nulla qui corrupti est neque similique. Ullam facere sint commodi eligendi iure laborum. Minus reprehenderit iste dolor sint.', 1, '2018-04-29 00:47:45', '2018-04-29 00:47:45'),
(42, 34, 'Miss Libbie Hane Jr.', 'Quis dolores est inventore et tenetur. Quis perspiciatis accusantium sed fuga molestias vero eos.', 2, '2018-04-29 00:47:45', '2018-04-29 00:47:45'),
(43, 3, 'Abner Reilly IV', 'A beatae a eos sed est autem. Et excepturi deserunt tempore. Non enim accusamus rerum laborum est odio.', 0, '2018-04-29 00:47:45', '2018-04-29 00:47:45'),
(44, 8, 'Ms. Herminia Welch', 'Blanditiis est facere ut tempora. Quos mollitia aperiam quo et. Et sit maxime ipsum velit sed in.', 0, '2018-04-29 00:47:45', '2018-04-29 00:47:45'),
(45, 9, 'Lambert Bogisich', 'Placeat quia nostrum molestiae labore ut eos corporis. Hic perferendis aut ab dolore aut eaque distinctio. Qui et possimus tempora voluptatem qui unde asperiores.', 2, '2018-04-29 00:47:45', '2018-04-29 00:47:45'),
(46, 46, 'Eldon Franecki', 'Aut illum fuga veritatis blanditiis ex amet. Repellat omnis earum dolore porro sapiente. Aut tempore voluptas quia qui repellat quas occaecati.', 0, '2018-04-29 00:47:45', '2018-04-29 00:47:45'),
(47, 36, 'Carolyn Yundt', 'Nihil rerum consequatur pariatur qui aut tenetur facilis consequuntur. Tenetur sapiente in est aperiam nihil. Enim ea et totam atque.', 5, '2018-04-29 00:47:45', '2018-04-29 00:47:45'),
(48, 13, 'Lacy Eichmann', 'Tenetur aut inventore soluta. Delectus ut ratione consectetur exercitationem error quaerat. Dignissimos aut qui voluptates excepturi culpa. Iure consequatur sequi nisi ea minima ullam voluptatem. Repellendus velit impedit perferendis veniam.', 3, '2018-04-29 00:47:45', '2018-04-29 00:47:45'),
(49, 15, 'Adelia McKenzie', 'Aut dolores ea illo tempora possimus ratione veritatis. Adipisci exercitationem libero delectus ea accusantium velit ea. Id dolorem ex omnis repudiandae. Eveniet perferendis alias quia placeat quis.', 0, '2018-04-29 00:47:45', '2018-04-29 00:47:45'),
(50, 21, 'Edd Gerlach', 'Vel omnis officiis cupiditate vel quis deserunt. Id et vero error fugiat aut assumenda sequi. Ab beatae magnam sint quis vitae. Molestiae odit ut voluptas et repudiandae exercitationem exercitationem qui.', 3, '2018-04-29 00:47:45', '2018-04-29 00:47:45'),
(51, 40, 'Prof. Liana Huel', 'Similique ab atque mollitia at. Suscipit eos ipsum impedit est deserunt soluta ut maxime. Amet qui ea aspernatur voluptates tempore sed nostrum vel. Voluptatem ad voluptates dolor minus quos est amet.', 3, '2018-04-29 00:47:45', '2018-04-29 00:47:45'),
(52, 22, 'Elnora Lemke', 'Eligendi optio qui culpa veritatis sunt inventore. Eum facere dolor non nihil. Quia eos ad quis quo nemo vel aspernatur. Quia molestiae fuga atque eligendi et. Saepe eaque sit non animi aliquid.', 1, '2018-04-29 00:47:45', '2018-04-29 00:47:45'),
(53, 43, 'Else Moore', 'Animi nihil at aut eum dolores quia praesentium vero. Asperiores nobis provident voluptatum id. Iure soluta fugiat tenetur sequi tempora fugit. Ex quis suscipit veritatis nemo culpa.', 2, '2018-04-29 00:47:45', '2018-04-29 00:47:45'),
(54, 43, 'Omer Fadel', 'Eius a occaecati facere praesentium. Amet non et numquam tenetur.', 1, '2018-04-29 00:47:45', '2018-04-29 00:47:45'),
(55, 2, 'Eda Steuber DDS', 'Eum officia aperiam ipsam. Distinctio fuga nobis nobis velit rerum minus aliquid. Vel nostrum illo suscipit aut. Tenetur quia et consequuntur provident quia deserunt natus cumque.', 0, '2018-04-29 00:47:45', '2018-04-29 00:47:45'),
(56, 26, 'Zora Stamm', 'Fuga unde aliquid perspiciatis nam aut. Id ut recusandae delectus ipsa voluptas. Eum qui voluptates pariatur non.', 1, '2018-04-29 00:47:45', '2018-04-29 00:47:45'),
(57, 38, 'Dr. Kasey Kertzmann MD', 'Quidem vel aut saepe non itaque. Voluptatem in veritatis nesciunt esse. Blanditiis sed ut voluptatem ipsam aut nemo. Consequatur excepturi tempora voluptatem debitis atque. Sunt et sunt dolores repellendus.', 1, '2018-04-29 00:47:46', '2018-04-29 00:47:46'),
(58, 7, 'Cheyenne Tromp', 'Nesciunt a fuga rerum est. Doloribus magni dolorum tempore at nihil rem fugit. Autem nulla inventore qui porro. Optio nulla a vel. Est nemo cupiditate soluta adipisci a velit distinctio.', 2, '2018-04-29 00:47:46', '2018-04-29 00:47:46'),
(59, 17, 'Lexus Hand', 'Sit ea iste eaque deleniti omnis iste cumque cum. Veritatis eum odio illum sint quis asperiores possimus. Repudiandae cum id quo aperiam quaerat.', 2, '2018-04-29 00:47:46', '2018-04-29 00:47:46'),
(60, 9, 'Dawn Funk', 'Corporis quia quas in laboriosam voluptates facilis. Aliquam iusto temporibus voluptatum ea eius. Inventore eos impedit provident ea minima ex deserunt. Voluptatem et dolorem qui occaecati dolorem quia.', 3, '2018-04-29 00:47:46', '2018-04-29 00:47:46'),
(61, 33, 'Dr. Theo Smith', 'Quasi cupiditate quod quod recusandae. Impedit atque maiores optio quam deserunt quia numquam. Suscipit aut harum sed eligendi perspiciatis qui sed accusantium. Quod cupiditate dignissimos in aliquid modi illum.', 2, '2018-04-29 00:47:46', '2018-04-29 00:47:46'),
(62, 24, 'Miss Heidi Rodriguez', 'Voluptatum voluptas aliquid reprehenderit omnis sunt. Illo sed quia inventore nisi dignissimos. Et dignissimos odio ipsa nobis odio optio velit voluptatibus.', 5, '2018-04-29 00:47:46', '2018-04-29 00:47:46'),
(63, 12, 'Wiley Halvorson', 'Consequuntur neque natus reiciendis repudiandae alias qui voluptatibus. Voluptatem libero iure perspiciatis illo voluptatem quibusdam. Vel laudantium excepturi ratione ab porro aut accusamus sit.', 3, '2018-04-29 00:47:46', '2018-04-29 00:47:46'),
(64, 15, 'Sofia Schmeler', 'Repellat non reiciendis laborum fugiat. Vero rerum at sit nisi odit minus. Non facere quos aut et temporibus.', 2, '2018-04-29 00:47:46', '2018-04-29 00:47:46'),
(65, 12, 'Dr. Neha Schroeder', 'Cumque quidem sunt voluptas omnis nihil similique. Ullam debitis quidem ut ut. Voluptatibus et distinctio nemo non.', 0, '2018-04-29 00:47:46', '2018-04-29 00:47:46'),
(66, 36, 'Erling Prosacco', 'Harum iure ratione aperiam voluptatibus. Odit consequatur incidunt vitae voluptate. Sequi eos omnis fuga sed. Eveniet est quo ut exercitationem.', 1, '2018-04-29 00:47:46', '2018-04-29 00:47:46'),
(67, 44, 'Iliana Graham', 'Delectus quia voluptas et inventore molestias itaque recusandae nulla. Distinctio quaerat adipisci dolor possimus sequi. Dolor culpa deserunt optio error et nesciunt inventore odit.', 1, '2018-04-29 00:47:46', '2018-04-29 00:47:46'),
(68, 47, 'Christy Kilback', 'Ut ad quae perspiciatis voluptas. Et illo atque corporis cum. At molestiae aut et eveniet aut qui quos.', 3, '2018-04-29 00:47:46', '2018-04-29 00:47:46'),
(69, 10, 'Hermina Considine IV', 'Officia ut quo ut in officia. Quia totam recusandae totam sunt. Harum et rem dolor totam mollitia perferendis. Dolor voluptate aliquid nulla voluptatem totam sit a.', 1, '2018-04-29 00:47:46', '2018-04-29 00:47:46'),
(70, 15, 'Maymie Gleichner', 'A hic vel quasi iste omnis vero et quasi. Id consequuntur illum non ut ullam voluptatem qui. Eos eos et nobis molestiae iste quod. Ex culpa nobis voluptatem aut recusandae.', 4, '2018-04-29 00:47:46', '2018-04-29 00:47:46'),
(71, 41, 'Dr. Chauncey Ratke', 'Quis ex impedit enim quod exercitationem. Est maxime labore mollitia placeat dicta nobis. Quos sunt illum delectus.', 0, '2018-04-29 00:47:46', '2018-04-29 00:47:46'),
(72, 44, 'Jules Prosacco', 'Sed quod nihil iusto officiis totam saepe. Modi et aliquid expedita voluptas. Sed occaecati officia maxime at voluptatem dolorum omnis.', 5, '2018-04-29 00:47:46', '2018-04-29 00:47:46'),
(73, 30, 'Malvina Mante', 'Ut voluptatem esse sed aut dolores animi. Necessitatibus nesciunt maxime enim iure velit. Pariatur perferendis eveniet animi qui ea aut quas. Velit reiciendis quis dolor ut. Facere laborum eveniet quia repudiandae non consequatur dicta.', 3, '2018-04-29 00:47:46', '2018-04-29 00:47:46'),
(74, 25, 'Priscilla Bogisich', 'Labore dolores accusamus molestias dolorum quia. Accusamus et totam et neque earum praesentium iste. Facilis odio id molestiae explicabo. Deserunt unde et quasi ratione sed quis.', 3, '2018-04-29 00:47:46', '2018-04-29 00:47:46'),
(75, 12, 'Halle Conn IV', 'Hic consequatur fuga et dolorem id neque ea facere. Culpa atque voluptatem aut iure asperiores eos quia. Dolor doloribus non voluptates ad. Illum voluptates id et est.', 2, '2018-04-29 00:47:46', '2018-04-29 00:47:46'),
(76, 24, 'Adella Feest', 'Amet eius et quod. Consequatur placeat soluta autem labore aliquam dolores. Quo sed ab excepturi maxime et quis et.', 3, '2018-04-29 00:47:46', '2018-04-29 00:47:46'),
(77, 39, 'Priscilla Hagenes I', 'Fuga numquam autem minima culpa similique ea corporis. Maxime eligendi excepturi voluptatem et quo consequatur. Sit ipsum omnis sequi nemo rerum in. Nam expedita possimus id ut.', 1, '2018-04-29 00:47:46', '2018-04-29 00:47:46'),
(78, 7, 'Mr. Ayden Walter', 'Non quis sapiente aspernatur saepe velit laudantium commodi et. Vel repellendus et magnam necessitatibus vitae dolores quia.', 1, '2018-04-29 00:47:46', '2018-04-29 00:47:46'),
(79, 28, 'Dale Haag I', 'Ut tempora molestiae quos. Rerum architecto ea totam recusandae. Numquam aut reprehenderit asperiores omnis aut.', 1, '2018-04-29 00:47:46', '2018-04-29 00:47:46'),
(80, 32, 'Dewayne McCullough', 'Voluptatibus accusantium provident optio quas necessitatibus. Ut eum sequi excepturi quia quo aut nulla dolor. Voluptas ipsum iusto iure dignissimos eaque.', 1, '2018-04-29 00:47:46', '2018-04-29 00:47:46'),
(81, 46, 'Prof. Javon Abshire', 'Occaecati doloremque dolorem nulla impedit corrupti. Tempore voluptatem at quae nam aut atque voluptatem. Perferendis autem aut debitis voluptates.', 1, '2018-04-29 00:47:46', '2018-04-29 00:47:46'),
(82, 29, 'Marjorie Dooley', 'Aperiam ea aut aliquid ex. Dolores voluptate est dolores ipsum voluptatem sit hic. Consequatur quam eos est ut consequatur deserunt non sit. Cupiditate aliquid libero sint vel officia quam.', 0, '2018-04-29 00:47:47', '2018-04-29 00:47:47'),
(83, 22, 'Claudia Kuhlman', 'Quas occaecati vero sit ipsam aliquam. Labore mollitia perferendis sed et dolorem. Dolores ipsum eaque dolorem. Aut doloremque aliquam eligendi rerum est sit.', 2, '2018-04-29 00:47:47', '2018-04-29 00:47:47'),
(84, 44, 'Trevor McGlynn', 'Dicta porro nemo et quasi saepe earum quis. Dolorem consequuntur facilis laborum qui eum aspernatur impedit. Magni esse similique illum praesentium in ex.', 2, '2018-04-29 00:47:47', '2018-04-29 00:47:47'),
(85, 16, 'Prof. Braxton Marquardt', 'Distinctio deserunt quia culpa quas dolor. Rerum aut deleniti atque id aut accusantium repudiandae. Excepturi facilis omnis quis accusantium. Similique et repudiandae qui vel saepe illo distinctio est.', 2, '2018-04-29 00:47:47', '2018-04-29 00:47:47'),
(86, 4, 'Rhianna Bergstrom', 'Incidunt omnis quisquam est minus velit dolores. Quas eos dignissimos placeat ullam tempore natus. Atque qui quisquam praesentium beatae voluptatem laborum alias.', 4, '2018-04-29 00:47:47', '2018-04-29 00:47:47'),
(87, 21, 'Prof. Minnie Grady MD', 'Corrupti quis numquam maiores adipisci. Sapiente distinctio quo debitis dolorum provident nihil dignissimos non. Aut sit sint nostrum nam.', 4, '2018-04-29 00:47:47', '2018-04-29 00:47:47'),
(88, 18, 'Prof. Trent Cummings', 'Sequi fuga debitis necessitatibus non nihil nisi sint ut. Omnis rerum maxime dolorem maiores. Ducimus autem aut voluptas accusantium aliquid qui.', 3, '2018-04-29 00:47:47', '2018-04-29 00:47:47'),
(89, 8, 'Johnathan Marks', 'Quia praesentium nobis quis consequatur facilis. Sequi et soluta pariatur ut sed minus accusamus. Reprehenderit ut tenetur quo et laborum aliquam dignissimos minima.', 0, '2018-04-29 00:47:47', '2018-04-29 00:47:47'),
(90, 33, 'Miss Sheila Crooks Jr.', 'Sunt fugit voluptates illo. Et blanditiis maxime exercitationem nihil. Quia asperiores impedit dolores vitae non officia architecto consequatur. Non qui sapiente exercitationem ex excepturi debitis optio reprehenderit.', 1, '2018-04-29 00:47:47', '2018-04-29 00:47:47'),
(91, 7, 'Ms. Oma Johnson DVM', 'Voluptatem molestiae autem voluptate quis vitae voluptatem quis. Optio fuga eos minima et. Sapiente ut eveniet eius aut. Rerum eius voluptas tempora harum quia neque.', 4, '2018-04-29 00:47:47', '2018-04-29 00:47:47'),
(92, 16, 'Dr. Anderson Fahey PhD', 'Blanditiis beatae laborum odio quasi. Molestiae consectetur voluptatibus totam deserunt numquam occaecati. Aliquam dolorem dicta alias aut. Sint nulla sit rerum suscipit fugiat possimus explicabo.', 2, '2018-04-29 00:47:47', '2018-04-29 00:47:47'),
(93, 23, 'Ms. Maribel Dibbert Sr.', 'Quis sit ratione vel est fugiat nulla. Recusandae quae id voluptatem voluptatem tempore minus dolorem perspiciatis. Sed voluptas est vitae qui beatae autem. Ullam voluptas vel doloremque voluptas aut qui.', 1, '2018-04-29 00:47:47', '2018-04-29 00:47:47'),
(94, 15, 'Prof. Rupert Gottlieb DDS', 'Neque veniam aut quos fugit. Est et fuga aperiam nihil. Est beatae error atque dignissimos culpa. Accusamus rem ut et sed. Et magnam nostrum rerum.', 3, '2018-04-29 00:47:47', '2018-04-29 00:47:47'),
(95, 5, 'Hildegard Heidenreich', 'Expedita quia alias ea distinctio. Omnis amet autem autem ut expedita at. Voluptatem nihil cupiditate rerum aspernatur repudiandae.', 3, '2018-04-29 00:47:47', '2018-04-29 00:47:47'),
(96, 2, 'Burdette Lebsack', 'Eum officia sit quaerat architecto ea. Ut similique quibusdam et voluptatem. Officia et veniam suscipit distinctio cumque cumque cumque.', 3, '2018-04-29 00:47:47', '2018-04-29 00:47:47'),
(97, 11, 'Rowena Greenholt', 'Id minima similique placeat rerum molestiae. Sed et vitae dicta velit. Cupiditate consequuntur voluptate labore cumque facere.', 5, '2018-04-29 00:47:47', '2018-04-29 00:47:47'),
(98, 10, 'Walker Bode', 'Iusto distinctio et enim. Ratione occaecati et quidem deserunt. Sit sint id eos id assumenda reiciendis.', 4, '2018-04-29 00:47:47', '2018-04-29 00:47:47'),
(99, 21, 'Demarco Nader', 'Vero blanditiis sed qui officiis est sit est. Quasi dignissimos aut aliquid delectus in. Accusantium sed enim consequuntur maxime.', 1, '2018-04-29 00:47:47', '2018-04-29 00:47:47'),
(100, 14, 'Dr. Peyton Raynor Jr.', 'Ipsam repellendus repudiandae in iure reprehenderit dolores eaque nobis. Doloribus ipsum eos neque nulla saepe aut voluptatem. Iste rerum autem sint eveniet sit totam ut.', 3, '2018-04-29 00:47:47', '2018-04-29 00:47:47'),
(101, 44, 'Dr. Cody Kohler Jr.', 'Veritatis nisi ad molestiae quidem. Impedit ex eum ad.', 1, '2018-04-29 00:47:47', '2018-04-29 00:47:47'),
(102, 20, 'Mr. Leone Torphy MD', 'Et perferendis omnis provident itaque voluptatum aut voluptatem blanditiis. Sed omnis ipsa eius quia tempora magni qui. Nam quis sapiente fuga sunt aut.', 2, '2018-04-29 00:47:47', '2018-04-29 00:47:47'),
(103, 24, 'Marianne Abbott Jr.', 'Possimus magni aut animi et. Autem doloremque vel dolor ea qui in. Quis ducimus iste numquam sint dignissimos.', 0, '2018-04-29 00:47:47', '2018-04-29 00:47:47'),
(104, 7, 'Orie Keeling', 'Sunt id quaerat fugiat qui quis tenetur. Molestiae labore recusandae laboriosam sunt. Eum omnis quisquam officia est vitae id ut. Assumenda eos quidem porro.', 0, '2018-04-29 00:47:47', '2018-04-29 00:47:47'),
(105, 16, 'Mr. Tad Wolff', 'Aut dolorem minima quibusdam vero sit molestiae quo possimus. Est consequuntur vel asperiores magnam. Ab eos ab blanditiis eos temporibus inventore. In vero eligendi iure praesentium ex impedit nesciunt.', 4, '2018-04-29 00:47:47', '2018-04-29 00:47:47'),
(106, 11, 'Ms. Gail Turner II', 'Sed officiis itaque error quia magnam. Vel magni reiciendis animi iusto est a ratione. Dolorem nobis quae atque natus dolorem in provident. Veritatis quo et ab nam et neque.', 1, '2018-04-29 00:47:47', '2018-04-29 00:47:47'),
(107, 34, 'Prof. Colten King DDS', 'Repellat quo iure architecto ut nobis iusto. Qui sit ut temporibus pariatur nihil. Accusantium harum dolor blanditiis sed quod necessitatibus voluptates. Perspiciatis itaque quibusdam sunt explicabo vel totam numquam.', 4, '2018-04-29 00:47:47', '2018-04-29 00:47:47'),
(108, 26, 'Ms. Kaylin Kessler', 'Quidem culpa blanditiis magnam perferendis. Quasi iure ut voluptas fugit. Officiis at fugiat perferendis ea odio deleniti dolorum. Ut perferendis autem laboriosam ducimus perferendis fugiat et.', 3, '2018-04-29 00:47:47', '2018-04-29 00:47:47'),
(109, 27, 'Dax Torphy', 'Similique vel in dolore distinctio officia ipsam ea. Veritatis aliquam et maiores vero autem ut.', 1, '2018-04-29 00:47:47', '2018-04-29 00:47:47'),
(110, 17, 'Maverick Cassin', 'Fuga reiciendis quod cupiditate molestiae ut deleniti quas. Eaque quas pariatur ex quis eos qui. Nulla et autem optio aut nihil dolores.', 4, '2018-04-29 00:47:47', '2018-04-29 00:47:47'),
(111, 4, 'Griffin Osinski', 'Odio sequi magni autem fugit sint quia rerum. Error ullam necessitatibus nihil nam dolorum. Sit sed quo vero a doloribus.', 2, '2018-04-29 00:47:47', '2018-04-29 00:47:47'),
(112, 36, 'Felton Hermiston PhD', 'Quasi aut voluptatum cumque aliquam optio. Id quis nemo voluptas quam culpa eum voluptatem est. In iste quia ducimus pariatur. Iste suscipit enim sint sequi tenetur ipsa quo cupiditate.', 3, '2018-04-29 00:47:47', '2018-04-29 00:47:47'),
(113, 6, 'Bell Rau', 'Consectetur ut dolorem laboriosam consectetur quis. Quam sunt excepturi veniam quae quasi accusamus vitae. Nostrum sint placeat nemo quidem quae. Qui velit nobis doloribus asperiores perferendis dolores a.', 5, '2018-04-29 00:47:47', '2018-04-29 00:47:47'),
(114, 8, 'Mrs. Henriette Runolfsson MD', 'Est molestiae accusamus voluptatem hic dolorem quia. Et quia repudiandae sunt similique vitae tempore facilis officia. Suscipit soluta voluptates in impedit voluptas est. Maiores iusto quia nesciunt aut totam et inventore.', 2, '2018-04-29 00:47:47', '2018-04-29 00:47:47'),
(115, 45, 'Herminia Reichel', 'Voluptas aut neque ea tempore voluptatem. Quia cupiditate adipisci omnis nemo fugit. Et maxime expedita vel nemo nihil sint doloribus inventore.', 3, '2018-04-29 00:47:47', '2018-04-29 00:47:47'),
(116, 1, 'Mr. Elias Medhurst III', 'Eum consequatur occaecati necessitatibus qui laudantium in. Necessitatibus dicta ut distinctio facilis. Quaerat ut quo voluptates excepturi.', 0, '2018-04-29 00:47:47', '2018-04-29 00:47:47'),
(117, 34, 'Destin Schaefer', 'Cupiditate tenetur ut recusandae corrupti. Sed qui nobis molestias sed necessitatibus. Dignissimos quae asperiores voluptatibus ab. Consequatur aspernatur quia optio illum incidunt.', 3, '2018-04-29 00:47:48', '2018-04-29 00:47:48'),
(118, 15, 'Reginald Jacobs', 'Enim et laboriosam consequatur officiis veniam voluptatum. Delectus qui tempora neque adipisci. In facere dolores natus deleniti adipisci est autem. Et tempore consequuntur dolorem vero quis.', 4, '2018-04-29 00:47:48', '2018-04-29 00:47:48'),
(119, 42, 'Weldon Kutch', 'Rerum eaque aut est dicta molestiae voluptatem consequatur. Sint quam et nulla. Eaque doloribus architecto blanditiis non. Veritatis eligendi qui laborum culpa sunt non harum aliquam. Atque voluptatem nemo accusamus sit porro nisi facilis reiciendis.', 0, '2018-04-29 00:47:48', '2018-04-29 00:47:48'),
(120, 20, 'Bella Jacobs', 'Ea architecto nobis aliquam molestiae. In autem id id eligendi ratione dolores qui. Repellat aut labore ea et id vel. Officiis ipsa tempore tenetur ipsum neque.', 4, '2018-04-29 00:47:48', '2018-04-29 00:47:48'),
(121, 39, 'Justus Jerde', 'Labore sit saepe aut voluptas aut alias illo neque. Dicta non est et harum. Doloremque illo non et.', 5, '2018-04-29 00:47:48', '2018-04-29 00:47:48'),
(122, 35, 'Miss Addie Kuvalis MD', 'Consectetur praesentium aperiam exercitationem at sequi. Ex corrupti consequuntur et error laudantium sed. Hic quia quasi blanditiis deserunt. Architecto perferendis consectetur est eveniet vitae porro repudiandae nisi.', 1, '2018-04-29 00:47:48', '2018-04-29 00:47:48'),
(123, 34, 'Mrs. Mafalda Stehr III', 'Necessitatibus reprehenderit ut quo laboriosam eos. Totam odit omnis magni repellendus fuga dolorem. Minima et quidem sed eius velit qui.', 0, '2018-04-29 00:47:48', '2018-04-29 00:47:48'),
(124, 20, 'Willa Torphy', 'Non eaque aperiam aut distinctio omnis eum facere. Tenetur sint autem aperiam tenetur distinctio sed. Quis voluptatem ut repellendus aspernatur fugiat saepe. Vel pariatur nihil amet distinctio eveniet voluptatem.', 1, '2018-04-29 00:47:48', '2018-04-29 00:47:48'),
(125, 47, 'Ms. Aletha Sipes II', 'Pariatur modi sint est debitis cupiditate. Sit quo est pariatur maiores omnis. Doloribus itaque officiis eaque omnis qui et.', 5, '2018-04-29 00:47:48', '2018-04-29 00:47:48'),
(126, 36, 'Leonel Batz', 'Corporis exercitationem aliquid impedit aspernatur qui vitae cum laborum. Necessitatibus quaerat et consectetur quaerat repellat. Aliquid illo autem optio rerum non fugit est.', 2, '2018-04-29 00:47:48', '2018-04-29 00:47:48'),
(127, 19, 'Lamont McCullough', 'Molestiae officiis voluptatem aut ipsa. Earum voluptas nulla possimus animi impedit architecto aut. Maiores corporis dicta et consequatur delectus minima. Et quos a et animi animi autem.', 4, '2018-04-29 00:47:48', '2018-04-29 00:47:48'),
(128, 28, 'Ariane Paucek', 'Aut maiores fugit sit at in laborum error doloribus. Ipsam ullam quae sunt sint amet. Voluptatum ex omnis odio ipsa consequatur sed et cupiditate. Quia ad repellendus sapiente facilis ut illo odit.', 5, '2018-04-29 00:47:48', '2018-04-29 00:47:48'),
(129, 34, 'Virginia Strosin', 'Odit molestias aut quas sit. Voluptatum suscipit voluptatem accusamus eaque. Sequi optio tenetur beatae et deleniti. Ut doloremque facilis nostrum vel neque blanditiis perferendis qui.', 3, '2018-04-29 00:47:48', '2018-04-29 00:47:48'),
(130, 32, 'Prof. Abbigail D\'Amore', 'Et eligendi soluta aspernatur quidem autem enim in. Rerum necessitatibus repudiandae est veritatis quaerat libero veritatis deserunt. Beatae beatae omnis voluptas deleniti illum molestiae cupiditate. Numquam doloremque dicta consectetur sunt aliquid aut.', 1, '2018-04-29 00:47:48', '2018-04-29 00:47:48'),
(131, 46, 'Virgie Parisian Sr.', 'Qui qui nihil velit nesciunt nisi iste. Cumque rerum rem est. Libero assumenda expedita asperiores non consequatur consequatur. Sint similique optio veritatis voluptas odio facere.', 1, '2018-04-29 00:47:48', '2018-04-29 00:47:48'),
(132, 16, 'Wendy Goyette', 'Nobis expedita quidem hic accusantium aut error dolorum aut. Expedita sed perferendis eligendi repellendus voluptate odit. Aspernatur minima blanditiis et beatae.', 1, '2018-04-29 00:47:48', '2018-04-29 00:47:48'),
(133, 3, 'Ronaldo Jones Jr.', 'Perferendis dolorem consequatur eos. Accusantium nostrum autem suscipit velit optio consequatur. Omnis maiores quod dolorum alias cum et ad. Qui officia illum quasi reprehenderit modi quibusdam.', 0, '2018-04-29 00:47:48', '2018-04-29 00:47:48'),
(134, 46, 'Dominique Cremin', 'Amet nulla enim id dignissimos. Quis quis nostrum autem hic assumenda. Quae cum consectetur excepturi enim molestiae non qui. Repudiandae tenetur rerum aut et.', 1, '2018-04-29 00:47:48', '2018-04-29 00:47:48'),
(135, 27, 'Garth Renner', 'Saepe et placeat hic impedit accusantium et repudiandae est. Autem ea dolor id unde iste cupiditate. Voluptates modi molestiae hic numquam vero officia delectus perferendis. Maiores rerum accusamus et rerum.', 1, '2018-04-29 00:47:48', '2018-04-29 00:47:48'),
(136, 16, 'Dr. Ford Harris DDS', 'Dignissimos ullam laboriosam vero doloribus ipsum et et. Fuga sint consequatur mollitia sunt autem natus excepturi. Odio vitae assumenda aut tempora voluptatem minus.', 1, '2018-04-29 00:47:48', '2018-04-29 00:47:48'),
(137, 14, 'Anne Wintheiser', 'Iste possimus aspernatur excepturi quos ut molestiae atque. Numquam quod et dolorum voluptatem mollitia et expedita. Vero unde voluptatibus voluptates cum sed. Est illo quia nihil. Neque consequatur consequuntur commodi illum quas est exercitationem.', 1, '2018-04-29 00:47:48', '2018-04-29 00:47:48'),
(138, 4, 'Danyka Pacocha', 'Ea ipsa nam necessitatibus mollitia. Soluta dolore dolor delectus beatae. Quidem sapiente at et et.', 1, '2018-04-29 00:47:48', '2018-04-29 00:47:48'),
(139, 28, 'Prof. Kelly Hoppe Sr.', 'Omnis reprehenderit voluptatem suscipit sequi molestiae nulla ut ipsum. Officiis ut sed sit quae. Repudiandae velit ut aut. Ad eum reprehenderit dolore eveniet.', 5, '2018-04-29 00:47:48', '2018-04-29 00:47:48'),
(140, 47, 'Dr. Salvador Wisoky Sr.', 'Quia nesciunt consectetur non iusto dolore laborum. Velit porro et sunt omnis quaerat dolorem. Odio repudiandae laborum sed in ut. Molestiae ut natus adipisci debitis nam.', 3, '2018-04-29 00:47:48', '2018-04-29 00:47:48'),
(141, 45, 'Dr. Lilyan Torphy', 'Et modi blanditiis voluptas quaerat et. Ut voluptatem rerum possimus esse. Occaecati a deleniti ut et ipsam tempora laborum. Consequatur qui dolor ut quis et sed.', 1, '2018-04-29 00:47:48', '2018-04-29 00:47:48'),
(142, 43, 'Dr. Melissa Leuschke V', 'Est consequatur aut quia non. Dicta reprehenderit voluptatem a quibusdam aut explicabo. Architecto magni quia recusandae animi quaerat pariatur voluptatem.', 3, '2018-04-29 00:47:48', '2018-04-29 00:47:48'),
(143, 11, 'Obie Grant', 'Voluptatem et et perspiciatis qui quo impedit ut. Id facilis est et ut dolores. Provident fuga dolores quae cumque voluptas soluta earum. Exercitationem aut quas qui quis omnis.', 3, '2018-04-29 00:47:48', '2018-04-29 00:47:48'),
(144, 41, 'Dr. Hershel Zieme II', 'Sint vel sunt et deserunt fugit. Reiciendis molestiae odit placeat. Qui libero asperiores et quasi iure.', 3, '2018-04-29 00:47:48', '2018-04-29 00:47:48'),
(145, 43, 'Raymundo Cummerata', 'Pariatur est quasi mollitia nobis vel eum officia. Et perferendis aut odit dolores rerum culpa. Incidunt molestias quia possimus.', 1, '2018-04-29 00:47:48', '2018-04-29 00:47:48'),
(146, 27, 'Evie Spinka', 'Quaerat sit placeat excepturi sit suscipit est. Ducimus voluptatem sed eius assumenda amet repellendus. Repellat culpa laudantium beatae nobis. Aliquam et qui dolorem in.', 1, '2018-04-29 00:47:48', '2018-04-29 00:47:48'),
(147, 5, 'Mrs. Anita Wuckert', 'Quisquam autem consectetur aut. Corporis earum omnis soluta aspernatur reiciendis quo. Adipisci ad esse velit sit.', 0, '2018-04-29 00:47:48', '2018-04-29 00:47:48'),
(148, 34, 'Dandre Schneider', 'Quisquam et itaque optio distinctio eveniet. Atque modi commodi ex cum illum eum quia. Animi ea voluptate aliquam labore. Excepturi rem voluptatem odio nam reiciendis modi rem.', 4, '2018-04-29 00:47:48', '2018-04-29 00:47:48'),
(149, 3, 'Prof. Miles Trantow Sr.', 'Nam voluptate est aut neque. Enim animi accusantium laborum voluptatem deserunt maiores. In ad dolores quia ex nesciunt debitis.', 2, '2018-04-29 00:47:48', '2018-04-29 00:47:48'),
(150, 12, 'Tiara Hartmann', 'Sunt quia earum praesentium ut id quibusdam consequatur ducimus. Soluta quia saepe ad aperiam. Et eaque architecto dolorum sit autem quia officia.', 5, '2018-04-29 00:47:49', '2018-04-29 00:47:49'),
(151, 21, 'Demetrius Heaney', 'Sapiente voluptatem corporis minima asperiores. Aut ut est quis nostrum quia. Numquam eos corporis omnis ipsa culpa.', 5, '2018-04-29 00:47:49', '2018-04-29 00:47:49'),
(152, 31, 'Alysha Kautzer', 'Vel non at nesciunt aut quia totam. Mollitia magnam est harum iure dolor.', 0, '2018-04-29 00:47:49', '2018-04-29 00:47:49'),
(153, 24, 'Isabelle Parker', 'Aliquam sed aut aliquid ducimus. Itaque molestiae laboriosam dolore quae soluta. Non repudiandae doloribus dolor magnam amet nisi sed.', 0, '2018-04-29 00:47:49', '2018-04-29 00:47:49'),
(154, 13, 'Miss Constance Hettinger', 'Harum maxime optio ipsa dicta est. Rerum perspiciatis non dolore quia debitis dolores. Non architecto velit aspernatur sed mollitia.', 2, '2018-04-29 00:47:49', '2018-04-29 00:47:49'),
(155, 6, 'Mike Hyatt', 'Aperiam iure similique libero ipsa officiis odit molestias. Tempore amet repellendus voluptatem sit ab repudiandae. Vero quia dolores possimus non. Autem voluptas quae ut minima eius.', 5, '2018-04-29 00:47:49', '2018-04-29 00:47:49'),
(156, 25, 'Yadira Treutel', 'Aut culpa voluptatum et id aut itaque est. Est ullam cum et et. Velit libero ut doloremque numquam qui. Quis recusandae et qui culpa.', 4, '2018-04-29 00:47:49', '2018-04-29 00:47:49'),
(157, 46, 'Maximillia Schiller', 'Deleniti qui provident nihil corrupti qui corporis aliquam. Nostrum voluptas accusantium voluptas ipsa aut. Ut atque ipsum sint.', 5, '2018-04-29 00:47:49', '2018-04-29 00:47:49'),
(158, 45, 'Freddy Collins', 'Sed nihil maiores quo quos. Sunt aut eos asperiores sint ut vitae accusantium. Quam fuga doloremque ea vel molestiae et quod. Corporis temporibus qui facere consequatur aut.', 2, '2018-04-29 00:47:49', '2018-04-29 00:47:49'),
(159, 11, 'Telly Kling PhD', 'Rerum aliquam nihil aut blanditiis ut. Quis ipsa sint et quis.', 0, '2018-04-29 00:47:49', '2018-04-29 00:47:49'),
(160, 42, 'Ms. Nya Ortiz I', 'Ut eligendi temporibus asperiores aut. Magnam officiis consectetur iusto sit voluptates quia ut. Eveniet et quod dolore rem adipisci. Accusantium qui maiores quia rem voluptate iusto.', 5, '2018-04-29 00:47:49', '2018-04-29 00:47:49'),
(161, 29, 'Miss Mariane Herzog V', 'Ab consequatur qui voluptate saepe sed placeat doloribus perferendis. Est quisquam tempore accusamus nemo rerum accusantium sunt. Iusto eum et aut ut. Et incidunt cupiditate sed molestiae.', 3, '2018-04-29 00:47:49', '2018-04-29 00:47:49'),
(162, 14, 'Mr. Barry Murray II', 'Harum dolorum a porro dolores. Reiciendis omnis repellendus sint blanditiis fugit sit quidem. Laborum sed nobis est voluptatem molestiae.', 3, '2018-04-29 00:47:49', '2018-04-29 00:47:49'),
(163, 14, 'Devin Conroy III', 'Sint in beatae non rerum suscipit facilis sed. Dolor itaque dolorem ipsa sed corporis modi illo.', 3, '2018-04-29 00:47:49', '2018-04-29 00:47:49'),
(164, 23, 'Ms. Velma Kunde', 'Error ut et qui qui. Numquam aliquid sed deserunt vel architecto sit omnis. Excepturi et recusandae hic. Veniam a in voluptas dolorem.', 2, '2018-04-29 00:47:49', '2018-04-29 00:47:49'),
(165, 8, 'Roscoe Zieme', 'Itaque et consectetur ut earum voluptas sunt. Atque aut odio ut reprehenderit vero et. Iste mollitia a doloremque dolor quos. Nulla consequuntur minus recusandae laudantium est necessitatibus.', 4, '2018-04-29 00:47:49', '2018-04-29 00:47:49'),
(166, 7, 'Angelo Nicolas', 'Dolor repellendus possimus inventore mollitia. Aliquam exercitationem dolorem adipisci. Assumenda accusantium ea illo maiores.', 0, '2018-04-29 00:47:49', '2018-04-29 00:47:49'),
(167, 8, 'Prof. Casimer Smith', 'Eos nemo nemo assumenda. Voluptatibus adipisci rerum qui voluptatibus optio sed eius. Quos velit quia atque consectetur.', 2, '2018-04-29 00:47:49', '2018-04-29 00:47:49'),
(168, 48, 'Micah Vandervort', 'Laboriosam nobis mollitia nisi ratione. Et dolorem et sed nisi itaque ipsum aliquam quo.', 3, '2018-04-29 00:47:49', '2018-04-29 00:47:49'),
(169, 1, 'Joana Zieme', 'Repudiandae iste incidunt molestias accusantium excepturi labore. Et a dignissimos est libero autem cumque. Debitis ut rerum sit autem at.', 0, '2018-04-29 00:47:49', '2018-04-29 00:47:49'),
(170, 43, 'Rita Langworth II', 'Delectus eligendi at nesciunt non voluptatem porro adipisci. Iusto dicta tempora et laborum autem sit id. A quia qui sed nisi.', 2, '2018-04-29 00:47:49', '2018-04-29 00:47:49'),
(171, 9, 'Cody Smitham DVM', 'Doloremque nulla voluptatibus enim repellendus. Aliquid voluptas a velit dignissimos nam voluptas. Aut ut molestias voluptate vitae odit soluta dolore.', 5, '2018-04-29 00:47:49', '2018-04-29 00:47:49'),
(172, 17, 'Coy Bogan', 'Molestiae sit fugit voluptatem architecto. Et expedita pariatur et magni id ut ab. Aspernatur sequi quibusdam ratione velit voluptates qui. Sapiente qui cum alias sit.', 3, '2018-04-29 00:47:49', '2018-04-29 00:47:49'),
(173, 13, 'Prof. Jamarcus Pacocha', 'In esse sit saepe qui error. Est et in et voluptas. Dolor autem quia fugiat molestiae non.', 4, '2018-04-29 00:47:49', '2018-04-29 00:47:49'),
(174, 3, 'Dasia Predovic', 'Sit velit et corrupti praesentium dolorem et. Sunt veniam voluptas eum quasi est dignissimos. Qui aliquam quibusdam nesciunt aut minima tenetur dolores. Hic quos quia nihil hic vel culpa nobis.', 2, '2018-04-29 00:47:49', '2018-04-29 00:47:49'),
(175, 22, 'Dr. Leilani Schumm', 'Soluta molestiae placeat et aliquam. Omnis qui voluptates natus dicta laborum veritatis sed. Beatae quisquam in suscipit sit possimus. Laboriosam enim ipsam repellendus quis voluptate quam.', 1, '2018-04-29 00:47:49', '2018-04-29 00:47:49'),
(176, 37, 'Prof. Miller Hilpert', 'Aperiam a omnis eum alias cupiditate iste ex. Ad ea vel nihil quo ut. Consequatur quis eos quaerat voluptatum. Officiis dignissimos odit enim debitis delectus fugit.', 3, '2018-04-29 00:47:49', '2018-04-29 00:47:49'),
(177, 32, 'Dr. Graciela Jerde', 'Odit eligendi earum corrupti sed facere nam. Quo doloribus ea voluptatem qui. Sint reprehenderit alias rerum ad ipsam eius.', 3, '2018-04-29 00:47:49', '2018-04-29 00:47:49'),
(178, 41, 'Prof. Johann Williamson Sr.', 'Repellat eligendi hic et esse error doloribus. Eius in qui in velit officiis. Ullam eos quo praesentium debitis quisquam. Quas fugit ex ipsum in voluptatibus.', 4, '2018-04-29 00:47:49', '2018-04-29 00:47:49'),
(179, 31, 'Ms. Kailey Gleason', 'Doloremque doloremque et minus ad aut. Repudiandae ipsum officia velit corporis quidem. Molestias minima veritatis incidunt odit sed. Odio voluptas labore labore et.', 0, '2018-04-29 00:47:49', '2018-04-29 00:47:49'),
(180, 3, 'Dr. Isaac Herzog II', 'Voluptate commodi ut velit minus voluptatem et quibusdam. Ratione asperiores esse est quos velit consectetur perspiciatis. Praesentium ipsam quo saepe consequatur maiores enim.', 0, '2018-04-29 00:47:49', '2018-04-29 00:47:49'),
(181, 21, 'Mr. Greyson Gulgowski', 'Ad aut dolores perspiciatis corrupti. Est quia cumque fugit. Qui exercitationem id magni voluptate amet culpa consequatur. Alias earum voluptatem quae dicta.', 5, '2018-04-29 00:47:49', '2018-04-29 00:47:49'),
(182, 46, 'Mr. Christop Bergstrom', 'Unde dolor laborum fugit eum aperiam cumque vitae quaerat. Deserunt libero maxime dolor enim iusto blanditiis. Quia quas cumque inventore eius.', 1, '2018-04-29 00:47:49', '2018-04-29 00:47:49'),
(183, 28, 'Arlo Goyette DDS', 'Pariatur odio est vel asperiores minima vel veniam. Praesentium labore non aut doloribus cupiditate hic. Placeat inventore est molestiae atque.', 4, '2018-04-29 00:47:49', '2018-04-29 00:47:49'),
(184, 20, 'Prof. Aniyah Bergstrom I', 'Placeat ipsam explicabo quos nemo quo velit. Atque eveniet dolores velit omnis. Deserunt dolore facilis qui ipsam dolorem at tenetur.', 2, '2018-04-29 00:47:50', '2018-04-29 00:47:50'),
(185, 14, 'Dr. Estrella DuBuque IV', 'Tempora animi illum ipsam sit qui. Sequi fugit quisquam quia rerum ducimus. Cum beatae quis ut enim velit. Minima vel dolorem et nam nesciunt id.', 3, '2018-04-29 00:47:50', '2018-04-29 00:47:50'),
(186, 26, 'Geo Moore', 'Praesentium nesciunt autem sunt adipisci dolores voluptatibus architecto aut. Dolores corrupti quia alias nihil.', 0, '2018-04-29 00:47:50', '2018-04-29 00:47:50'),
(187, 1, 'Lorena Shields Sr.', 'Quos minima sit itaque soluta nihil facilis repudiandae ut. Voluptatem odio qui ad. Sint et est autem qui.', 2, '2018-04-29 00:47:50', '2018-04-29 00:47:50'),
(188, 11, 'Felicity West MD', 'Vel laborum non esse laborum. Aperiam fuga ut sequi commodi. Tempora consequatur earum itaque in cupiditate qui a.', 4, '2018-04-29 00:47:50', '2018-04-29 00:47:50'),
(189, 23, 'Dr. Caesar Bruen I', 'Reprehenderit culpa debitis quasi. Et vitae sint nihil magni. Est consequatur earum molestiae et et.', 1, '2018-04-29 00:47:50', '2018-04-29 00:47:50'),
(190, 10, 'Robb Monahan I', 'Neque sint praesentium ex magnam praesentium perspiciatis fugiat. Nisi delectus ut non architecto aliquam. Temporibus quia dolorem earum quo hic aut.', 4, '2018-04-29 00:47:50', '2018-04-29 00:47:50'),
(191, 1, 'Prof. Moises Wehner IV', 'Ut distinctio perferendis laborum ut officiis. Molestias nulla labore ipsum ipsa debitis nisi quod. Unde similique saepe dolorum distinctio est ipsam enim. Maxime tenetur itaque aut.', 3, '2018-04-29 00:47:50', '2018-04-29 00:47:50'),
(192, 25, 'Chaya Wintheiser', 'Expedita deserunt iste culpa harum sed eveniet similique. Laudantium soluta omnis voluptatem explicabo recusandae nisi nobis. Soluta at hic accusamus voluptas possimus. Sit ea qui accusamus vero ut.', 3, '2018-04-29 00:47:50', '2018-04-29 00:47:50'),
(193, 34, 'Mr. Austyn Pollich II', 'Cumque velit voluptates saepe sed ipsa. Et eum facere dicta necessitatibus qui quis praesentium ipsam. Consectetur esse aspernatur id possimus aut. Aut dolor sequi hic distinctio amet.', 3, '2018-04-29 00:47:50', '2018-04-29 00:47:50'),
(194, 37, 'Ima Jones', 'Et molestias porro dolorem explicabo fugit ea. Veritatis consequuntur omnis eos omnis et omnis iure doloremque.', 3, '2018-04-29 00:47:50', '2018-04-29 00:47:50'),
(195, 17, 'Fletcher Cruickshank', 'Repellendus quae blanditiis qui et quis. Incidunt harum error eos et et. Et autem aut tempore aliquam quia iure. Perferendis praesentium voluptatem qui dolor.', 3, '2018-04-29 00:47:50', '2018-04-29 00:47:50'),
(196, 15, 'Mr. Eli Hand', 'Nam qui ad non cumque adipisci esse praesentium. Assumenda adipisci explicabo accusantium ipsam voluptate cum.', 1, '2018-04-29 00:47:50', '2018-04-29 00:47:50'),
(197, 2, 'Lavern Keebler I', 'Quas ut qui quis dolores quia. Corrupti autem dolorem minus amet voluptas officiis. Temporibus alias in repellat temporibus ut voluptatum.', 5, '2018-04-29 00:47:50', '2018-04-29 00:47:50'),
(198, 12, 'Johnathan Legros', 'Magni ducimus magni rem id. Corporis dolores commodi sit quo voluptatem. Qui dicta in consequatur beatae autem alias autem. Molestiae odit repellat animi ut incidunt rerum.', 2, '2018-04-29 00:47:50', '2018-04-29 00:47:50'),
(199, 47, 'Trevion Langworth', 'Nesciunt ducimus enim necessitatibus ea aut neque. Eveniet distinctio libero nisi molestias amet ut. Iusto autem non ducimus non eius doloremque. Reprehenderit aut quasi omnis aut pariatur iste neque voluptatem.', 4, '2018-04-29 00:47:50', '2018-04-29 00:47:50'),
(200, 4, 'Josiane Eichmann', 'Tempore enim itaque rerum officiis occaecati. Et quasi dolor qui rem sed est aut. Qui laborum explicabo quis totam aut voluptas quos voluptatibus.', 3, '2018-04-29 00:47:50', '2018-04-29 00:47:50'),
(201, 20, 'Prof. Alexandre Cremin II', 'Facilis qui placeat dignissimos sunt. Sequi omnis officiis voluptatibus accusantium vel asperiores.', 3, '2018-04-29 00:47:51', '2018-04-29 00:47:51'),
(202, 1, 'Buddy Hills', 'Ducimus sed praesentium aut nobis facilis dolorem est repudiandae. Est est eos ipsa quia totam est quia. Aliquam qui quas accusamus sit id laudantium at. Suscipit accusantium quisquam dolor. Eveniet non numquam voluptas autem reiciendis sint cum.', 0, '2018-04-29 00:47:51', '2018-04-29 00:47:51'),
(203, 22, 'Jamir Dach', 'Dolorum adipisci placeat omnis velit ab voluptatem modi sapiente. Numquam dolorem ipsam nobis quae. Quia asperiores ipsam odit asperiores qui.', 5, '2018-04-29 00:47:51', '2018-04-29 00:47:51'),
(204, 35, 'Marvin Labadie', 'Expedita et perspiciatis neque et modi. Rerum quia explicabo ipsum esse.', 1, '2018-04-29 00:47:51', '2018-04-29 00:47:51'),
(205, 6, 'Rebecca Cormier', 'Modi est voluptatum magnam. Ut sapiente quisquam reprehenderit sit corporis dolor temporibus. Qui voluptatem velit labore explicabo unde tempora. Ut quia illo natus ut labore aut.', 0, '2018-04-29 00:47:51', '2018-04-29 00:47:51'),
(206, 5, 'Prof. Kenny Ankunding I', 'Est omnis aliquid sint modi autem earum doloremque. Amet dolores ad molestiae molestias occaecati voluptates nobis. Qui aut voluptatem ullam quod numquam dolorem est.', 3, '2018-04-29 00:47:51', '2018-04-29 00:47:51'),
(207, 36, 'Dr. Serenity Ledner', 'Dolorem nam officiis minus magnam non saepe. Vitae consequatur blanditiis quia similique doloremque iste cupiditate maxime.', 3, '2018-04-29 00:47:51', '2018-04-29 00:47:51'),
(208, 2, 'Jonatan Roberts', 'Molestiae voluptatem reiciendis nesciunt vero provident recusandae ipsam. Dolorem voluptatem aut minus quidem ipsum excepturi.', 4, '2018-04-29 00:47:51', '2018-04-29 00:47:51'),
(209, 19, 'Jaleel Stanton III', 'Sint impedit officia nam eum. Dignissimos repudiandae est qui rerum quas necessitatibus quaerat. In at molestias id aspernatur maxime itaque et.', 0, '2018-04-29 00:47:51', '2018-04-29 00:47:51');
INSERT INTO `reviews` (`id`, `product_id`, `customer`, `review`, `star`, `created_at`, `updated_at`) VALUES
(210, 18, 'Anastasia Feest', 'Labore dolor officiis ipsam laudantium porro repudiandae. Perspiciatis rerum unde suscipit omnis veniam. Voluptate sit ab est aperiam cumque voluptatum. Aperiam facilis nam voluptas et. Sit rem blanditiis et et sit natus perspiciatis.', 3, '2018-04-29 00:47:51', '2018-04-29 00:47:51'),
(211, 15, 'Kane Zulauf DDS', 'Enim a vel placeat corporis beatae accusamus doloribus cupiditate. Hic ut velit autem. Accusantium quos quaerat odio alias.', 1, '2018-04-29 00:47:51', '2018-04-29 00:47:51'),
(212, 10, 'Bernie Cronin', 'Rerum eligendi quae vel illo exercitationem pariatur eveniet. Enim eveniet cum veritatis veritatis possimus praesentium expedita. Minima nesciunt aspernatur ut laborum voluptatem ad est. Ut voluptate a error facere sint saepe.', 2, '2018-04-29 00:47:51', '2018-04-29 00:47:51'),
(213, 31, 'Lysanne Swaniawski DDS', 'Dolor ut temporibus nostrum voluptas nulla illum qui culpa. Dolorum consequatur debitis cupiditate laudantium maiores omnis voluptatibus.', 2, '2018-04-29 00:47:51', '2018-04-29 00:47:51'),
(214, 35, 'Ambrose Rowe Sr.', 'Eum quae dolorum quia accusantium aliquid. Temporibus nisi perferendis quibusdam quae. Aliquid qui sint quia mollitia modi voluptatum.', 4, '2018-04-29 00:47:51', '2018-04-29 00:47:51'),
(215, 25, 'Reta Mayer', 'Expedita qui molestiae harum aliquam. Placeat fuga cum sed necessitatibus voluptatem. Ducimus eaque non dolorum aut.', 1, '2018-04-29 00:47:51', '2018-04-29 00:47:51'),
(216, 4, 'Demarcus Barrows', 'Sed ex rerum architecto cupiditate dolor. Ut eos voluptates qui eligendi. Voluptatem molestias quas voluptate blanditiis placeat aut sint. Quibusdam et earum repellendus ducimus esse.', 1, '2018-04-29 00:47:51', '2018-04-29 00:47:51'),
(217, 28, 'Bernice Bednar', 'Adipisci repellat delectus excepturi aut assumenda est neque. Ducimus dicta vel dolorum sunt magnam. Omnis non culpa ducimus harum similique molestiae reiciendis.', 1, '2018-04-29 00:47:51', '2018-04-29 00:47:51'),
(218, 14, 'Veda Kunde', 'Et corporis sint labore praesentium blanditiis eos. Rerum eos vero ea exercitationem cumque sed fugit sint.', 0, '2018-04-29 00:47:51', '2018-04-29 00:47:51'),
(219, 36, 'Vicky Strosin', 'Incidunt tenetur quos voluptatem recusandae libero. Pariatur autem doloremque qui voluptates at. Non soluta consequatur magnam.', 0, '2018-04-29 00:47:51', '2018-04-29 00:47:51'),
(220, 4, 'Tremayne Nolan', 'Aut dolores consequatur aperiam. Repellat non vel est molestiae fugiat. Cupiditate saepe tempore sunt qui blanditiis asperiores. Ab ut nihil aperiam autem.', 0, '2018-04-29 00:47:51', '2018-04-29 00:47:51'),
(221, 39, 'Viviane Schoen', 'Odit culpa iste magni neque et quia veniam. Nesciunt omnis natus magnam qui distinctio vel qui. Aut perferendis nisi natus voluptatem tempore dolores sit.', 5, '2018-04-29 00:47:51', '2018-04-29 00:47:51'),
(222, 2, 'Sebastian Luettgen', 'Rerum voluptas voluptate culpa maxime labore accusantium omnis cum. Dicta distinctio nulla minima officia dolorem deserunt ut. Sed cumque qui quibusdam aliquam earum ratione rerum.', 4, '2018-04-29 00:47:51', '2018-04-29 00:47:51'),
(223, 18, 'Brigitte Hilll', 'Laborum ut debitis aut exercitationem est sequi. Omnis maiores ut temporibus sint optio sed. Architecto assumenda et debitis quia tempore quo necessitatibus enim. Nihil quam sequi ab sapiente eligendi inventore nisi.', 2, '2018-04-29 00:47:51', '2018-04-29 00:47:51'),
(224, 23, 'Cordell Mertz', 'A aliquid saepe et dolorem veniam expedita sapiente. Quidem cumque et sint sed ut alias ipsam. Rerum veniam pariatur cum tenetur aut.', 5, '2018-04-29 00:47:51', '2018-04-29 00:47:51'),
(225, 44, 'Zola Denesik V', 'Nam repudiandae quod maiores vitae amet illum. Soluta ut voluptas aperiam. Et dolores delectus sit aut vero.', 5, '2018-04-29 00:47:51', '2018-04-29 00:47:51'),
(226, 8, 'Willie Ondricka', 'Voluptatem qui harum eos doloremque unde molestias. Qui eligendi ut neque qui voluptas placeat voluptatibus. Deserunt quasi error dolorem. Tempora ipsa beatae ipsam consequuntur. Non necessitatibus consequuntur cupiditate est laboriosam quis cum.', 0, '2018-04-29 00:47:51', '2018-04-29 00:47:51'),
(227, 5, 'Ora McDermott', 'Rerum id eum sint voluptates ratione qui odio. Numquam assumenda doloribus aut ullam eligendi. Quae est itaque consequuntur laborum.', 4, '2018-04-29 00:47:51', '2018-04-29 00:47:51'),
(228, 34, 'Dr. Corrine Schowalter IV', 'Reiciendis consequuntur iste libero rerum. Voluptatem vel dolorem sint qui. Dignissimos ullam non id animi itaque quas asperiores quam. Ad ut quis animi sequi mollitia. Accusantium minima veritatis deleniti fuga dolorem voluptatum voluptatum.', 4, '2018-04-29 00:47:51', '2018-04-29 00:47:51'),
(229, 11, 'Miss Melyssa Halvorson', 'Debitis autem sed quaerat error. Facilis rerum eligendi quisquam. Ut alias labore voluptas harum voluptatum.', 4, '2018-04-29 00:47:51', '2018-04-29 00:47:51'),
(230, 22, 'Elroy Steuber', 'Eos repellendus soluta enim impedit et. Similique quia et et esse eius blanditiis voluptatibus. Voluptates odit enim soluta quisquam. Vel est dolorem ab rerum quia ut sed.', 0, '2018-04-29 00:47:51', '2018-04-29 00:47:51'),
(231, 8, 'Mrs. Antoinette Pollich', 'Non velit excepturi et officiis ex eum delectus. Velit voluptatem voluptates alias dolorem. Ipsam et nisi dolorem voluptatibus et repudiandae magni. Atque aperiam sit magni.', 3, '2018-04-29 00:47:51', '2018-04-29 00:47:51'),
(232, 47, 'Ryley Koepp', 'Alias aut non sed nemo. Ea ut rerum tempora. Ullam possimus quam vitae blanditiis ut. Molestias minima ut laborum dolor et sapiente ipsum et.', 2, '2018-04-29 00:47:51', '2018-04-29 00:47:51'),
(233, 44, 'Alexane Borer', 'Sapiente vel dolor veritatis ipsa quibusdam eum. Soluta rem optio optio est reiciendis. Veniam qui excepturi quo itaque omnis voluptatem.', 5, '2018-04-29 00:47:51', '2018-04-29 00:47:51'),
(234, 28, 'Felipe Dicki', 'Quia perspiciatis id dicta sed fuga. Sequi earum nostrum perspiciatis labore est repudiandae optio. Dolorum delectus id laudantium alias ipsa ea rerum cumque. Natus et eos aut mollitia neque delectus.', 3, '2018-04-29 00:47:51', '2018-04-29 00:47:51'),
(235, 15, 'Kellie Cummerata', 'Officia impedit optio ut quis quibusdam non. Facilis consequuntur voluptas qui quia.', 5, '2018-04-29 00:47:51', '2018-04-29 00:47:51'),
(236, 45, 'Tess Gislason', 'Modi pariatur est eos sit ut soluta. Sed fugiat labore aut nihil nobis quo. Veniam ut molestiae sunt qui velit. Ex ut voluptas consequuntur tenetur possimus voluptatibus.', 2, '2018-04-29 00:47:52', '2018-04-29 00:47:52'),
(237, 10, 'Retta Weber', 'Non et rerum optio. Optio facere ut minus. At quae facere repellendus quo vitae vitae laborum.', 5, '2018-04-29 00:47:52', '2018-04-29 00:47:52'),
(238, 27, 'Daren Batz', 'Quos nisi quis nesciunt vitae rerum est minus. Velit est dolor eum sunt. Occaecati quas id et sed qui. Consequatur quia voluptate quaerat perferendis. Ut quasi in voluptas.', 4, '2018-04-29 00:47:52', '2018-04-29 00:47:52'),
(239, 24, 'Dr. Rosalyn Bradtke PhD', 'Aut eum numquam consequatur dolorum eligendi labore. Consequatur in et et neque enim vel numquam. Impedit odit est adipisci. Aliquam et laudantium perferendis nobis.', 4, '2018-04-29 00:47:52', '2018-04-29 00:47:52'),
(240, 40, 'Prof. Bertha D\'Amore Jr.', 'Quis nobis magni eius debitis. Eos aliquam quisquam aspernatur optio maiores quisquam. Sunt odit id odio ad. Omnis dolorem corrupti officiis ab illo facilis quaerat.', 2, '2018-04-29 00:47:52', '2018-04-29 00:47:52'),
(241, 29, 'Dr. Adolf Moen', 'Dolor quasi non illum molestiae facilis. Et itaque et itaque et rerum ipsum. Doloribus illo saepe voluptas eum deleniti deserunt.', 0, '2018-04-29 00:47:52', '2018-04-29 00:47:52'),
(242, 5, 'Adonis White', 'Placeat atque itaque laborum consectetur voluptates ut. Voluptatem voluptatem in et id necessitatibus aspernatur eum. Nesciunt ab et distinctio molestias adipisci fugiat doloribus. Neque in nemo recusandae. Aut perferendis dolores odit perspiciatis fuga nostrum.', 1, '2018-04-29 00:47:52', '2018-04-29 00:47:52'),
(243, 32, 'Prof. Ilene Fahey', 'Laboriosam molestias et dolores maiores. Velit blanditiis porro laboriosam ipsam qui. Consequatur eum magnam quia enim.', 2, '2018-04-29 00:47:52', '2018-04-29 00:47:52'),
(244, 12, 'Camille Kuphal', 'Autem voluptas recusandae et tempora. Numquam dolores iste omnis voluptas rerum quas. Rerum assumenda minima assumenda veniam fuga. Quia quidem rerum reprehenderit beatae.', 2, '2018-04-29 00:47:52', '2018-04-29 00:47:52'),
(245, 29, 'Zackary Bashirian', 'Eligendi unde libero culpa. Sed dolor ea ipsam quis dolores dolores. Fugit harum esse provident qui itaque. Non porro rerum corrupti numquam.', 4, '2018-04-29 00:47:52', '2018-04-29 00:47:52'),
(246, 7, 'Mr. Jaylin Schimmel', 'Ducimus excepturi omnis nisi quos asperiores ut et consequatur. In sunt amet iste culpa tempora aliquid ratione. Ut aperiam ex et iure dolor ratione quod. Possimus distinctio sed amet.', 2, '2018-04-29 00:47:52', '2018-04-29 00:47:52'),
(247, 13, 'Cruz Luettgen', 'Unde maxime voluptate esse sed. Occaecati nesciunt praesentium maxime. Architecto et quaerat ut autem voluptates.', 4, '2018-04-29 00:47:52', '2018-04-29 00:47:52'),
(248, 27, 'Ms. Dorris Bode', 'Aspernatur facere dolorum et consequuntur. Tempora facilis perferendis provident et. Quis earum aperiam voluptates error dolor. Nostrum quos accusamus molestiae recusandae nesciunt.', 0, '2018-04-29 00:47:52', '2018-04-29 00:47:52'),
(249, 5, 'Mrs. Imelda Romaguera', 'Nam sint aliquam libero dolore maiores. Quo tempora vero nemo ut. Est et repellendus voluptatem est voluptatem. Est reprehenderit voluptas commodi nisi itaque.', 0, '2018-04-29 00:47:52', '2018-04-29 00:47:52'),
(250, 29, 'Twila Schimmel', 'Est ut debitis dolorem sunt vero in. Eum aut rem cumque velit nihil iusto. Quibusdam fugiat aut ad error nobis ut quae. Sed ducimus natus optio minus perferendis.', 1, '2018-04-29 00:47:52', '2018-04-29 00:47:52'),
(251, 46, 'Rosanna Wolff', 'Omnis ut facere iste. Odit omnis a veniam quo dolorem. Nesciunt quia est impedit voluptas.', 1, '2018-04-29 00:47:52', '2018-04-29 00:47:52'),
(252, 50, 'Dr. Burnice Reilly', 'Unde et perferendis quam laborum ea ut aut. Consectetur excepturi explicabo et velit. Laborum qui corrupti enim dolores. Quidem fugit ullam molestiae exercitationem quia delectus.', 5, '2018-04-29 00:47:52', '2018-04-29 00:47:52'),
(253, 46, 'Katelin Grant', 'Et ut alias eum ea. Quos non quasi omnis. Sed nihil et quod consequatur vel voluptates eos. Aspernatur aut error voluptas vitae eveniet beatae voluptas.', 2, '2018-04-29 00:47:52', '2018-04-29 00:47:52'),
(254, 27, 'Harrison Kohler Jr.', 'Et sit sint optio. Dolor alias dolore sint hic. Aliquam aut totam perferendis non recusandae.', 0, '2018-04-29 00:47:52', '2018-04-29 00:47:52'),
(255, 20, 'Oral Hermann', 'Qui omnis quas architecto id earum officiis eum est. Qui atque et nisi excepturi. Ab molestias ipsam labore accusamus quasi consequuntur et. Voluptatem voluptatem accusamus at.', 5, '2018-04-29 00:47:52', '2018-04-29 00:47:52'),
(256, 35, 'Clifford Crooks', 'Sed facilis ut quia qui amet et aut eveniet. Consequatur molestias explicabo fugiat natus. Repudiandae hic dolores voluptates delectus illo ipsam cumque. Sit commodi esse et ut blanditiis quae nihil ipsum.', 5, '2018-04-29 00:47:52', '2018-04-29 00:47:52'),
(257, 12, 'Darrin Toy', 'Voluptas est hic repudiandae quis. Eos quo expedita in voluptatem officiis sunt. Consequatur est aut magnam unde corporis eum iste.', 1, '2018-04-29 00:47:52', '2018-04-29 00:47:52'),
(258, 39, 'Claude Kshlerin', 'Ab eum quis quis ab sunt qui. Dolores officiis itaque est consequatur. Laborum sit maxime commodi nisi id. Reprehenderit id aut rerum reprehenderit officiis.', 2, '2018-04-29 00:47:52', '2018-04-29 00:47:52'),
(259, 34, 'Dr. Amani Lueilwitz IV', 'Reiciendis sed mollitia doloribus commodi quos eius vero. Pariatur non quia facilis voluptate harum. Quos ex aliquam repellendus ut eius inventore minus.', 1, '2018-04-29 00:47:52', '2018-04-29 00:47:52'),
(260, 32, 'Aurore Maggio', 'Veniam eius et eum vel in enim distinctio. Error esse qui exercitationem esse nemo ut. Mollitia dolorem aut illo ea enim porro. Eum odio soluta sunt incidunt facere quos mollitia.', 0, '2018-04-29 00:47:52', '2018-04-29 00:47:52'),
(261, 10, 'Jacky Lowe', 'Enim sed minus veritatis voluptatem non. Earum dolor repudiandae rem delectus. Eos non quia suscipit. Id ipsum sit in.', 0, '2018-04-29 00:47:52', '2018-04-29 00:47:52'),
(262, 22, 'Tyson Kertzmann Jr.', 'Esse aperiam ratione laboriosam tempore. Voluptatem ex omnis non quia. Suscipit in aliquam necessitatibus placeat ea quo.', 3, '2018-04-29 00:47:52', '2018-04-29 00:47:52'),
(263, 45, 'Hipolito Harvey', 'Consequuntur dolorem repellendus amet nihil. Aliquid et voluptatem nihil rerum alias placeat sed. Vel minima sed occaecati natus. Ut aspernatur eos sit atque sit.', 5, '2018-04-29 00:47:52', '2018-04-29 00:47:52'),
(264, 15, 'Brennon Johnson', 'Ut expedita voluptas ipsum. Aliquid voluptatibus et eveniet ipsa ullam. Unde eum impedit libero quia doloribus quibusdam.', 1, '2018-04-29 00:47:52', '2018-04-29 00:47:52'),
(265, 43, 'Elody Murphy', 'Reprehenderit sunt optio nobis similique est voluptatum occaecati omnis. Ut quis et ex rerum praesentium aut. Sed id aut et occaecati quis. Laudantium porro quos fugiat aut.', 1, '2018-04-29 00:47:52', '2018-04-29 00:47:52'),
(266, 27, 'Maximillia Olson PhD', 'Eos nihil voluptas quo voluptatibus ut. Incidunt laboriosam in a totam aliquid fugiat. Laboriosam quod ut veniam iste aliquam nulla vel velit.', 3, '2018-04-29 00:47:52', '2018-04-29 00:47:52'),
(267, 31, 'Wellington Reichel', 'Alias quos et non repudiandae assumenda adipisci. Dolorem doloremque dolor consequatur quia et. Rerum harum ipsa deserunt nesciunt.', 3, '2018-04-29 00:47:52', '2018-04-29 00:47:52'),
(268, 14, 'Miss Dominique Wunsch II', 'Quae et ad sint eligendi qui sint et. Aut qui quo labore aut nam vitae eius. Quia at sint autem rem commodi.', 5, '2018-04-29 00:47:52', '2018-04-29 00:47:52'),
(269, 47, 'Orlando Kirlin', 'Blanditiis quisquam quos veritatis voluptatum debitis. Sit quaerat et velit iure. Iste at voluptas facilis enim nisi. Nam voluptatem quam fugiat molestiae recusandae perspiciatis laboriosam. Quos totam facere ut et consectetur quia numquam.', 5, '2018-04-29 00:47:52', '2018-04-29 00:47:52'),
(270, 50, 'Halle Beahan', 'Vero in et laudantium voluptas. Id et adipisci similique non inventore harum. Distinctio necessitatibus omnis et sint dignissimos iure. Dolores magnam nostrum eum voluptatem iure.', 0, '2018-04-29 00:47:53', '2018-04-29 00:47:53'),
(271, 39, 'Prof. Ilene Schmitt', 'Et blanditiis voluptatem qui perferendis. Nostrum incidunt dolore necessitatibus amet optio. Et quos enim facere dolores.', 0, '2018-04-29 00:47:53', '2018-04-29 00:47:53'),
(272, 5, 'Daren Yundt', 'Rem aut dolorum distinctio consequatur culpa. Et beatae occaecati deserunt enim at. Quidem qui recusandae necessitatibus fugit explicabo laudantium occaecati aliquam. Eveniet ut quaerat quia sint.', 4, '2018-04-29 00:47:53', '2018-04-29 00:47:53'),
(273, 40, 'Miss Alicia Connelly', 'Odit ut aut quo rerum nulla error ducimus. Culpa praesentium non repudiandae. Quasi et dolores eum in minus et. Tenetur blanditiis aut quam dolor sapiente.', 4, '2018-04-29 00:47:53', '2018-04-29 00:47:53'),
(274, 9, 'Mrs. Dulce Heathcote IV', 'Quaerat laborum deserunt tenetur voluptas omnis ut voluptas. Ullam consequatur iusto itaque dolorum qui. Culpa quam voluptatibus doloribus sunt voluptates.', 2, '2018-04-29 00:47:53', '2018-04-29 00:47:53'),
(275, 18, 'Mara Thiel', 'Natus illo quia cum a et. Exercitationem veritatis asperiores corrupti aut fugiat eligendi voluptas.', 4, '2018-04-29 00:47:53', '2018-04-29 00:47:53'),
(276, 17, 'Odessa Kunde', 'Vitae dicta nam aspernatur quae delectus quis non. Corporis qui quia cupiditate voluptas. Eligendi inventore aspernatur ex cum porro quod dolores.', 5, '2018-04-29 00:47:53', '2018-04-29 00:47:53'),
(277, 41, 'Kiel Bailey II', 'Maxime earum omnis ipsa aut quia. Qui sunt adipisci necessitatibus veniam quia tempore rerum. Voluptas et ut a a sed et a omnis. Voluptates possimus voluptatem explicabo explicabo soluta cum quod.', 3, '2018-04-29 00:47:53', '2018-04-29 00:47:53'),
(278, 10, 'Albina McKenzie', 'Voluptate ex dolorum pariatur officia illum. Officia tempora inventore nihil. Ducimus in et reprehenderit nihil commodi ea ut omnis. Aut quod reprehenderit fugiat et dolor ut explicabo.', 4, '2018-04-29 00:47:53', '2018-04-29 00:47:53'),
(279, 10, 'John Kilback', 'Consequatur quam nesciunt sed molestiae suscipit occaecati. Minima voluptatum voluptas cum est qui. Voluptas expedita nihil unde quis repellendus omnis consequuntur ab. Quia fugiat harum ut cumque.', 5, '2018-04-29 00:47:53', '2018-04-29 00:47:53'),
(280, 22, 'Libby Lindgren', 'Velit eveniet illum aut cumque ea. Ad ab quis mollitia ratione cum maxime. Optio magnam rerum cum quia. Voluptates quae consequatur est in enim.', 5, '2018-04-29 00:47:53', '2018-04-29 00:47:53'),
(281, 45, 'Mr. Mckenzie Wyman', 'Commodi ut voluptatem in et voluptatem perferendis. Aut mollitia ut consequuntur tenetur impedit consequatur deserunt.', 3, '2018-04-29 00:47:53', '2018-04-29 00:47:53'),
(282, 6, 'Destinee Torphy', 'Nulla reprehenderit voluptatem quaerat qui voluptatibus aperiam dolorem. Quas ipsum eum soluta odio. Sit qui veniam eos alias consequatur. Vitae adipisci ut velit voluptas qui.', 5, '2018-04-29 00:47:53', '2018-04-29 00:47:53'),
(283, 45, 'Jaime Hegmann', 'Animi et est eos nesciunt omnis quia sunt. Exercitationem possimus eos blanditiis non tenetur qui non. Aut eos odio iusto et.', 5, '2018-04-29 00:47:53', '2018-04-29 00:47:53'),
(284, 1, 'Miss Skyla Kirlin PhD', 'Error non assumenda repellendus aut. Qui cupiditate qui necessitatibus libero aliquid numquam. Sit minima numquam quod aperiam nostrum. Sapiente dolor eum laborum saepe molestiae ab corrupti.', 0, '2018-04-29 00:47:53', '2018-04-29 00:47:53'),
(285, 3, 'Dayna Mosciski MD', 'Rerum reprehenderit exercitationem aut debitis et possimus quae et. Ratione at praesentium id eligendi quia quidem qui. Deserunt numquam blanditiis vero. Veritatis ullam excepturi eum.', 2, '2018-04-29 00:47:53', '2018-04-29 00:47:53'),
(286, 28, 'April Veum', 'Commodi asperiores voluptas dignissimos sunt dicta non. Earum amet est consequatur. Quia ea rem aliquam consequatur aut tempore. Illum voluptates sit sed deleniti.', 5, '2018-04-29 00:47:53', '2018-04-29 00:47:53'),
(287, 30, 'Glenda Ankunding', 'Labore occaecati facilis ut in. Sed aut et voluptatum ipsa delectus vel. Doloribus et nostrum et veritatis distinctio adipisci minima distinctio. Illo libero asperiores aspernatur facere ut.', 3, '2018-04-29 00:47:53', '2018-04-29 00:47:53'),
(288, 11, 'Mr. Skylar Littel', 'Rerum est cum dolores eaque repudiandae. Blanditiis ad et libero repudiandae odit totam tempora atque. Earum in animi labore vitae. Quibusdam tempora facere et id officiis aut non.', 1, '2018-04-29 00:47:53', '2018-04-29 00:47:53'),
(289, 6, 'Lonie Welch', 'Perspiciatis consequatur aperiam dolores deserunt maxime. Officiis cumque non veritatis ab quaerat.', 0, '2018-04-29 00:47:53', '2018-04-29 00:47:53'),
(290, 48, 'Casper Bashirian', 'Assumenda ipsam accusantium architecto sit ab. Molestiae dolorem rerum veritatis rerum repellat officia. Dolor corporis aspernatur voluptatem sit ex.', 0, '2018-04-29 00:47:53', '2018-04-29 00:47:53'),
(291, 10, 'Annamarie Turner', 'Eveniet aut dolor sit error possimus et. In tempore neque molestias ut repudiandae eligendi. Eius voluptates quia saepe doloremque maiores. Unde voluptate assumenda maxime eos.', 2, '2018-04-29 00:47:53', '2018-04-29 00:47:53'),
(292, 1, 'Prof. Ezekiel Pfannerstill', 'Ut dolores consequuntur iste. Molestiae ut reiciendis laborum expedita consequatur quos sint. Enim dolores magnam id fugit aut minima. Pariatur quis voluptatem distinctio consequatur qui dignissimos.', 0, '2018-04-29 00:47:53', '2018-04-29 00:47:53'),
(293, 4, 'Prof. Jack Weimann V', 'Dolorum et quam autem. Explicabo et dolores quae minus. Voluptas blanditiis doloribus eos dolorem soluta eos id.', 3, '2018-04-29 00:47:53', '2018-04-29 00:47:53'),
(294, 45, 'Dr. Aiden Becker I', 'Occaecati est ea similique ut ut. Voluptatibus facere exercitationem officia porro possimus eum. Numquam nobis fugit corporis maxime.', 3, '2018-04-29 00:47:53', '2018-04-29 00:47:53'),
(295, 9, 'Lucious Beatty', 'Sit cupiditate et delectus ex. Eaque facilis eum vel numquam. Ut aliquid nostrum aut expedita amet velit. Vel error in sunt quis id.', 0, '2018-04-29 00:47:53', '2018-04-29 00:47:53'),
(296, 39, 'Ms. Lauren Monahan', 'Sit aliquid libero sunt tenetur. Soluta culpa totam sed animi est quo.', 2, '2018-04-29 00:47:53', '2018-04-29 00:47:53'),
(297, 43, 'Tara Bradtke DVM', 'Et ratione vel blanditiis quaerat. Velit enim praesentium nihil cupiditate aut id. Accusamus enim consequatur esse nihil nam nostrum. Modi ut quis numquam neque.', 0, '2018-04-29 00:47:53', '2018-04-29 00:47:53'),
(298, 29, 'Mayra Monahan', 'Libero ea aut nesciunt nemo. Consequatur dicta et nesciunt voluptates at. Sed porro explicabo esse.', 1, '2018-04-29 00:47:53', '2018-04-29 00:47:53'),
(299, 28, 'Miss Zora Graham Jr.', 'Sunt est quidem necessitatibus nihil quos nemo quaerat. Nulla quo ipsam magni quisquam. Vel est officiis repellendus doloribus. Culpa enim eos excepturi sit voluptates exercitationem.', 5, '2018-04-29 00:47:53', '2018-04-29 00:47:53'),
(300, 5, 'Norris Schamberger', 'Earum nihil ut animi sit. Modi nihil id sint perspiciatis. Sed in sed vitae reiciendis soluta. Suscipit praesentium quidem quis excepturi ab temporibus rerum.', 3, '2018-04-29 00:47:53', '2018-04-29 00:47:53');

-- --------------------------------------------------------

--
-- Table structure for table `users`
--

CREATE TABLE `users` (
  `id` int(10) UNSIGNED NOT NULL,
  `name` varchar(191) COLLATE utf8mb4_unicode_ci NOT NULL,
  `email` varchar(191) COLLATE utf8mb4_unicode_ci NOT NULL,
  `password` varchar(191) COLLATE utf8mb4_unicode_ci NOT NULL,
  `remember_token` varchar(100) COLLATE utf8mb4_unicode_ci DEFAULT NULL,
  `created_at` timestamp NULL DEFAULT NULL,
  `updated_at` timestamp NULL DEFAULT NULL
) ENGINE=InnoDB DEFAULT CHARSET=utf8mb4 COLLATE=utf8mb4_unicode_ci;

--
-- Indexes for dumped tables
--

--
-- Indexes for table `migrations`
--
ALTER TABLE `migrations`
  ADD PRIMARY KEY (`id`);

--
-- Indexes for table `password_resets`
--
ALTER TABLE `password_resets`
  ADD KEY `password_resets_email_index` (`email`);

--
-- Indexes for table `products`
--
ALTER TABLE `products`
  ADD PRIMARY KEY (`id`);

--
-- Indexes for table `reviews`
--
ALTER TABLE `reviews`
  ADD PRIMARY KEY (`id`),
  ADD KEY `reviews_product_id_index` (`product_id`);

--
-- Indexes for table `users`
--
ALTER TABLE `users`
  ADD PRIMARY KEY (`id`),
  ADD UNIQUE KEY `users_email_unique` (`email`);

--
-- AUTO_INCREMENT for dumped tables
--

--
-- AUTO_INCREMENT for table `migrations`
--
ALTER TABLE `migrations`
  MODIFY `id` int(10) UNSIGNED NOT NULL AUTO_INCREMENT, AUTO_INCREMENT=5;

--
-- AUTO_INCREMENT for table `products`
--
ALTER TABLE `products`
  MODIFY `id` int(10) UNSIGNED NOT NULL AUTO_INCREMENT, AUTO_INCREMENT=51;

--
-- AUTO_INCREMENT for table `reviews`
--
ALTER TABLE `reviews`
  MODIFY `id` int(10) UNSIGNED NOT NULL AUTO_INCREMENT, AUTO_INCREMENT=301;

--
-- AUTO_INCREMENT for table `users`
--
ALTER TABLE `users`
  MODIFY `id` int(10) UNSIGNED NOT NULL AUTO_INCREMENT;

--
-- Constraints for dumped tables
--

--
-- Constraints for table `reviews`
--
ALTER TABLE `reviews`
  ADD CONSTRAINT `reviews_product_id_foreign` FOREIGN KEY (`product_id`) REFERENCES `products` (`id`) ON DELETE CASCADE;
COMMIT;

/*!40101 SET CHARACTER_SET_CLIENT=@OLD_CHARACTER_SET_CLIENT */;
/*!40101 SET CHARACTER_SET_RESULTS=@OLD_CHARACTER_SET_RESULTS */;
/*!40101 SET COLLATION_CONNECTION=@OLD_COLLATION_CONNECTION */;
